ticker,Index,marketCap,trailingPE,forwardPE,beta,trailingEps,industry,sector,fullTimeEmployees,country,ebitda,totalDebt,totalRevenue,grossProfits,freeCashflow,shortName,trailingPegRatio
MMM,0,81424637952,18.817911,19.151392,1.083,8.04,Conglomerates,Industrials,61500,United States,5328000000,14133999616,24512999424,10101999616,374500000,3M Company,3.5825
AOS,0,9646357504,18.960894,16.678131,1.213,3.58,Specialty Industrial Machinery,Industrials,12700,United States,768899968,295800000,3803200000,1446800000,344950016,A.O. Smith Corporation,1.8228
ABT,0,233454845952,17.426207,26.004225,0.737,7.7,Medical Devices,Healthcare,114000,United States,11020999680,13290000384,42344001536,23708000256,6032374784,Abbott Laboratories,
ABBV,0,334503149568,80.58298,15.611706,0.491,2.35,Drug Manufacturers - General,Healthcare,55000,United States,27366000640,70024003584,57366999040,40739000320,16941375488,AbbVie Inc.,0.4078
ACN,0,189643161600,24.2031,21.640015,1.327,12.58,Information Technology Services,Technology,791000,Ireland,11767775232,8165258240,68482535424,21961922560,9149394944,Accenture plc,2.3302
ADBE,0,161743224832,24.457344,18.554258,1.545,15.59,Software - Application,Technology,30709,United States,8883999744,6581000192,22601000960,20170999808,8323500032,Adobe Inc.,1.2257
AMD,0,223807520768,100.75437,27.065392,1.993,1.37,Semiconductors,Technology,28000,United States,5878000128,4730999808,27750000640,14867999744,3355624960,"Advanced Micro Devices, Inc.",0.7563
AES,0,8176435712,6.2418475,5.657635,0.939,1.84,Utilities - Diversified,Utilities,9100,United States,3167000064,31181000704,12119000064,2176000000,-5732250112,The AES Corporation,
AFL,0,56540655616,16.264387,14.585774,0.807,6.43,Insurance - Life,Financial Services,12694,United States,4632249856,11196999680,16888999936,7669000192,5280000000,AFLAC Incorporated,
A,0,34437201920,29.933332,21.456638,1.232,4.05,Diagnostics & Research,Healthcare,18000,United States,1835000064,3684000000,6627999744,3551000064,1048374976,"Agilent Technologies, Inc.",1.7721
APD,0,65008439296,42.091496,20.61503,0.873,6.94,Specialty Chemicals,Basic Materials,21850,United States,4304699904,16532400128,12020700160,3840300032,-3988649984,"Air Products and Chemicals, Inc",2.2087
ABNB,0,84897652736,34.911167,30.566668,1.144,3.94,Travel Services,Consumer Cyclical,7300,United States,2532000000,2280000000,11232000000,9328000000,3194249984,"Airbnb, Inc.",1.9228
AKAM,0,11328521216,26.708052,11.91467,0.769,2.98,Software - Infrastructure,Technology,10811,United States,1124982016,4618776064,4019336960,2374341888,514483488,"Akamai Technologies, Inc.",1.1092
ALB,0,7907995648,,36.527172,1.614,-11.12,Specialty Chemicals,Basic Materials,8300,United States,191592992,3673838080,5093670912,200200000,-349651872,Albemarle Corporation,
ARE,0,13266526208,100.9079,22.293606,1.267,0.76,REIT - Office,Real Estate,552,United States,1971954944,13462246400,3111841024,2194494976,1259089792,Alexandria Real Estate Equities,
ALGN,0,14480288768,36.32182,19.47076,1.64,5.5,Medical Instruments & Supplies,Healthcare,21200,United States,810150976,118535000,3980843008,2787459072,630043904,"Align Technology, Inc.",1.0652
ALLE,0,12689689600,20.71208,18.930681,1.035,7.12,Security & Protection Services,Industrials,14400,Ireland,922300032,2147399936,3820199936,1699600000,520400000,Allegion plc,2.3377
LNT,0,15856955392,21.286205,19.111454,0.576,2.9,Utilities - Regulated Electric,Utilities,2998,United States,1759000064,10629000192,4078000128,1896000000,-1070000000,Alliant Energy Corporation,1.938
ALL,0,52195631104,13.463115,10.35733,0.345,14.64,Insurance - Property & Casualty,Financial Services,55000,United States,6040999936,8087000064,65299001344,14785000448,4154874880,Allstate Corporation (The),2.0301
GOOGL,0,2172044836864,19.89855,19.92076,1.014,8.97,Internet Content & Information,Communication Services,185719,United States,135705001984,28497999872,359713013760,210757992448,60679000064,Alphabet Inc.,1.3691
GOOG,0,2172180627456,20.069273,20.069273,1.014,8.95,Internet Content & Information,Communication Services,185719,United States,135705001984,28497999872,359713013760,210757992448,60679000064,Alphabet Inc.,1.3777
MO,0,99769974784,9.93792,11.071028,0.643,5.96,Tobacco,Consumer Defensive,14654,United States,12382999552,26058999808,20245999616,14343999488,4378625024,"Altria Group, Inc.",
AMZN,0,2359281582080,36.193798,36.134945,1.334,6.14,Internet Retail,Consumer Cyclical,1560000,United States,126144004096,157952999424,650313007104,319681986560,39273500672,"Amazon.com, Inc.",2.8391
AMCR,0,22191628288,17.294643,12.259494,0.733,0.56,Packaging & Containers,Consumer Cyclical,41000,Switzerland,1899000064,9315999744,13461999616,2692999936,658000000,Amcor plc,1.9047
AEE,0,26051151872,21.305984,19.530487,0.505,4.51,Utilities - Regulated Electric,Utilities,8981,United States,3268000000,19623000064,7596000256,3727000064,-2507375104,Ameren Corporation,2.3787
AEP,0,55508205568,20.059847,17.641768,0.41,5.18,Utilities - Regulated Electric,Utilities,16330,United States,7971500032,46930198528,20159000576,9501800448,-2700450048,American Electric Power Company,2.4248
AXP,0,230255575040,22.935102,21.736773,1.254,14.33,Credit Services,Financial Services,75100,United States,,53153001472,62049001472,39907000320,,American Express Company,2.1972
AIG,0,48123551744,20.365854,12.444113,0.658,4.1,Insurance - Diversified,Financial Services,22200,United States,7714999808,8753000448,27047000064,8787000320,19411625984,"American International Group, I",
AMT,0,103795556352,35.93517,32.653904,0.828,6.17,REIT - Specialty,Real Estate,4691,United States,6680600064,44383600640,10177399808,7587400192,4535612416,American Tower Corporation (REI,54.6956
AWK,0,27343607808,25.540073,24.599123,0.698,5.49,Utilities - Regulated Water,Utilities,6700,United States,2601999872,14508999680,4815000064,2904999936,-1206125056,"American Water Works Company, I",3.6373
AMP,0,51869945856,18.527975,14.101022,1.227,29.4,Asset Management,Financial Services,13600,United States,,4028000000,18082000896,10238000128,3326500096,"Ameriprise Financial, Inc.",2.1917
AME,0,42490970112,30.12111,25.210957,1.11,6.11,Specialty Industrial Machinery,Industrials,21500,United States,2180838912,2169606912,6936970752,2480768000,1462736512,"AMETEK, Inc.",2.9272
AMGN,0,159991726080,27.098818,14.395018,0.496,10.98,Drug Manufacturers - General,Healthcare,28000,United States,15726000128,57380999168,34126000128,23569999872,13090124800,Amgen Inc.,0.9878
APH,0,120149573632,48.21845,45.98611,1.131,2.06,Electronic Components,Technology,125000,United States,4452499968,7166900224,16777400320,5773799936,1426462464,Amphenol Corporation,2.4831
ADI,0,121332637696,66.440216,32.427055,1.0,3.68,Semiconductors,Technology,24000,United States,4371051008,7219018240,9818655744,5769280000,2982311936,"Analog Devices, Inc.",1.434
ANSS,0,32124100608,54.13259,33.187553,1.189,6.75,Software - Application,Technology,6600,United States,878038976,860905024,2583095040,2388879104,772483648,"ANSYS, Inc.",2.3272
AON,0,76872474624,30.768366,20.47096,0.864,11.57,Insurance Brokers,Financial Services,60000,Ireland,5264999936,18510000128,16357000192,7647000064,3200000000,Aon plc,1.707
APA,0,7056324096,7.0089607,7.110909,1.246,2.79,Oil & Gas E&P,Energy,2305,United States,5967000064,5490999808,10147999744,6829000192,2278000128,APA Corporation,
APO,0,82666602496,25.244328,17.057783,1.571,5.73,Asset Management,Financial Services,5141,United States,,29268000768,24387000320,10789000192,,"Apollo Global Management, Inc. ",
AAPL,0,3197954949120,33.350998,25.76575,1.211,6.42,Consumer Electronics,Technology,164000,United States,138865999872,98186002432,400366010368,186699005952,97251500032,Apple Inc.,1.9373
AMAT,0,153196855296,23.195627,19.700722,1.664,8.23,Semiconductor Equipment & Materials,Technology,36000,United States,8744999936,6670000128,28088999936,13521000448,3740875008,"Applied Materials, Inc.",1.8897
APTV,0,15781070848,11.843138,10.383955,1.473,6.12,Auto Parts,Consumer Cyclical,141000,Switzerland,3104999936,8439000064,19637000192,3780000000,1634625024,Aptiv PLC,0.9944
ACGL,0,33516212224,9.17282,9.893252,0.516,9.75,Insurance - Diversified,Financial Services,7200,Bermuda,4457999872,2728000000,18172000256,6162999808,7810124800,Arch Capital Group Ltd.,
ADM,0,26448771072,19.383802,10.857987,0.656,2.84,Farm Products,Consumer Defensive,42383,United States,2609999872,12423000064,83857997824,5298999808,95125000,Archer-Daniels-Midland Company,
ANET,0,128442933248,43.1519,10.510792,1.379,2.37,Computer Hardware,Technology,4412,United States,3186673920,0,7436546048,4766003200,3057000960,"Arista Networks, Inc.",2.7221
AJG,0,81563123712,49.233387,28.239363,0.75,6.47,Insurance Brokers,Financial Services,53714,United States,3720999936,13422900224,11243499520,4909100032,2389237504,Arthur J. Gallagher & Co.,1.2826
AIZ,0,9828133888,15.1319275,10.816964,0.603,12.81,Insurance - Property & Casualty,Financial Services,14200,United States,1160099968,2083699968,12071400448,1205200000,1277987456,"Assurant, Inc.",
T,0,203947261952,17.376135,12.64424,0.604,1.63,Telecom Services,Communication Services,139970,United States,44259000320,145288003584,122934001664,73633996800,14413375488,AT&T Inc.,1.1508
ATO,0,24251230208,21.294281,21.383753,0.703,7.17,Utilities - Regulated Gas,Utilities,5260,United States,2189750016,8506464256,4485993984,2608951040,-1614407040,Atmos Energy Corporation,2.3552
ADSK,0,67777769472,68.12903,34.5098,1.449,4.65,Software - Application,Technology,15300,United States,1488999936,2544000000,6346999808,5839000064,2224250112,"Autodesk, Inc.",1.8405
ADP,0,125259718656,31.519917,28.388224,0.798,9.79,Software - Application,Technology,64000,United States,5949100032,4366700032,20202600448,9766200320,2908587520,"Automatic Data Processing, Inc.",3.2257
AZO,0,62505447424,25.283665,21.434258,0.401,147.78,Auto Parts,Consumer Cyclical,75600,United States,4301897216,12596179968,18901370880,10007842816,1520323840,"AutoZone, Inc.",1.9001
AVB,0,28930603008,25.274876,36.680508,0.872,8.04,REIT - Residential,Real Estate,2928,United States,1825577984,8477019136,2988731904,1902109952,1227122816,"AvalonBay Communities, Inc.",6.972
AVY,0,14337014784,21.104145,17.432985,0.89,8.69,Packaging & Containers,Consumer Cyclical,35000,United States,1428700032,3459099904,8752700416,2520000000,579662528,Avery Dennison Corporation,2.234
AXON,0,62116376576,190.88278,128.69194,1.285,4.18,Aerospace & Defense,Industrials,4100,United States,113022000,2046727936,2226288128,1349100032,483596640,"Axon Enterprise, Inc.",
BKR,0,39402127360,13.573379,15.474709,0.9,2.93,Oil & Gas Equipment & Services,Energy,57000,United States,4622000128,6024000000,27837999104,5945999872,1716875008,Baker Hughes Company,4.2756
BALL,0,16326047744,33.4375,16.671389,1.083,1.76,Packaging & Containers,Consumer Cyclical,16000,United States,1886000000,7062000128,12017999872,2454000128,251750000,Ball Corporation,
BAC,0,369175101440,14.631344,13.3920765,1.307,3.35,Banks - Diversified,Financial Services,213000,United States,,773838995456,97452998656,97452998656,,Bank of America Corporation,1.8334
BAX,0,15964874752,,10.802083,0.613,-0.52,Medical Instruments & Supplies,Healthcare,38000,United States,1955000064,10309000192,10771000320,4224000000,1701500032,Baxter International Inc.,
BDX,0,50563207168,34.189922,11.215512,0.279,5.16,Medical Instruments & Supplies,Healthcare,70000,United States,5573000192,19270000640,20867000320,9665999872,3501750016,"Becton, Dickinson and Company",0.8869
BRK.B,0,,,,,,,,,,,,,,,,
BBY,0,15255026688,17.60488,10.552631,1.27,4.1,Specialty Retail,Consumer Cyclical,85000,United States,2592999936,4059000064,41448001536,9370000384,1394499968,"Best Buy Co., Inc.",1.7521
TECH,0,8302380544,63.807228,24.182648,1.381,0.83,Biotechnology,Healthcare,3100,United States,288959008,423499008,1208770048,801673024,244408752,Bio-Techne Corp,1.455
BIIB,0,19433056256,13.105089,7.9605947,0.149,10.12,Drug Manufacturers - General,Healthcare,7605,United States,3080900096,6621199872,9816399872,7426200064,3428212480,Biogen Inc.,
BLK,0,167244939264,26.189106,21.98605,1.423,41.22,Asset Management,Financial Services,22600,United States,8415000064,14259000320,20955000832,10352000000,5569375232,"BlackRock, Inc.",2.3557
BX,0,188135571456,46.990913,26.598629,1.641,3.3,Asset Management,Financial Services,4895,United States,,14521400320,12372734976,12372734976,,Blackstone Inc.,2.7279
BK,0,66327883776,15.12398,14.197549,1.075,6.13,Banks - Diversified,Financial Services,51000,United States,,72580997120,18823000064,18823000064,,The Bank of New York Mellon Cor,1.2245
BA,0,162823831552,,459.45746,1.418,-17.96,Aerospace & Defense,Industrials,172000,United States,-7688000000,55878000640,69444001792,-1244000000,-7940499968,Boeing Company (The),
BKNG,0,186926137344,35.853516,27.374077,1.414,160.22,Travel Services,Consumer Cyclical,24500,United States,8499999744,16760999936,24085999616,20864999424,7502374912,Booking Holdings Inc. Common St,1.6405
BSX,0,154232668160,76.09489,37.365593,0.688,1.37,Medical Devices,Healthcare,53000,United States,4536000000,11708000256,17553999872,12016000000,2315000064,Boston Scientific Corporation,2.5528
BMY,0,95811567616,17.567165,6.697013,0.386,2.68,Drug Manufacturers - General,Healthcare,34100,United States,19174000640,51271000064,47636000768,35578998784,13926124544,Bristol-Myers Squibb Company,
AVGO,0,1289926606848,99.72727,44.448944,1.122,2.75,Semiconductors,Technology,37000,United States,31113000960,40456998912,57045999616,43945000960,26148749312,Broadcom Inc.,1.2659
BR,0,28258660352,36.231174,25.729944,0.969,6.64,Information Technology Services,Technology,14000,United States,1684600064,3640600064,6768000000,2119200000,1226525056,"Broadridge Financial Solutions,",1.6953
BRO,0,35785142272,30.222841,26.528116,0.839,3.59,Insurance Brokers,Financial Services,17403,United States,1667000064,4038000128,4860000256,2401999872,1039500032,"Brown & Brown, Inc.",
BF.B,0,,,,,,,,,,,,,,,,
BLDR,0,14029879296,16.27564,10.896996,1.7,7.8,Building Products & Equipment,Industrials,29000,United States,1972672000,5109225984,16166635520,5198431232,1073425152,"Builders FirstSource, Inc.",
BG,0,10634109952,10.156599,8.507516,0.656,7.79,Farm Products,Consumer Defensive,23000,United States,1790000000,7661000192,51334000640,3056000000,-1116625024,Bunge Limited,
BXP,0,12138710016,,36.727272,1.186,-0.03,REIT - Office,Real Estate,816,United States,1891934976,16439787520,3397133056,2054183936,1055764864,"BXP, Inc.",0.3522
CHRW,0,11665320960,23.448687,20.640755,0.908,4.19,Integrated Freight & Logistics,Industrials,13347,United States,803630976,1728790016,17359384576,1371773056,553985856,"C.H. Robinson Worldwide, Inc.",2.3265
CDNS,0,89339338752,82.83544,47.766426,0.984,3.95,Software - Application,Technology,12837,United States,1710598016,2477158912,4874527232,4185089024,1264132736,"Cadence Design Systems, Inc.",3.5553
CZR,0,6209924608,,22.283583,2.309,-1.1,Resorts & Casinos,Consumer Cyclical,50000,United States,3628000000,25965000704,11297000448,5841999872,21125000,"Caesars Entertainment, Inc.",
CPT,0,12216925184,104.90825,70.58642,0.802,1.09,REIT - Residential,Real Estate,1660,United States,886947968,3738170880,1562268032,961328000,687080000,Camden Property Trust,
CPB,0,9304636416,20.806665,9.152493,0.108,1.5,Packaged Foods,Consumer Defensive,14400,United States,1855000064,7264999936,10225000448,3131000064,681625024,The Campbell's Company,0.5633
COF,0,141704740864,18.616806,14.146871,1.132,11.9,Credit Services,Financial Services,53900,United States,,45076000768,28308000768,28308000768,,Capital One Financial Corporati,1.6241
CAH,0,39097675776,25.675549,18.95949,0.677,6.38,Medical Distribution,Healthcare,47922,United States,3164999936,7679000064,222286004224,7848000000,3518749952,"Cardinal Health, Inc.",0.796
KMX,0,10691879936,19.68094,18.897879,1.382,3.62,Auto & Truck Dealerships,Consumer Cyclical,30000,United States,1165739008,19486978048,28673363968,3576058112,57066124,CarMax Inc,0.8809
CCL,0,40862425088,15.778639,17.521627,2.583,1.91,Travel Services,Consumer Cyclical,115000,United States,6816000000,28653000704,25972000768,14206999552,2056000000,Carnival Corporation,
CARR,0,64649752576,50.273335,24.805923,1.326,1.5,Building Products & Equipment,Industrials,48000,United States,3232000000,11621000192,22283999232,5966000128,4930124800,Carrier Global Corporation,41.261
CAT,0,188238872576,19.504873,18.069527,1.368,20.52,Farm & Heavy Construction Machinery,Industrials,112900,United States,14789999616,38587998208,63259000832,20144001024,6817750016,"Caterpillar, Inc.",2.1124
CBOE,0,24227446784,30.403416,25.203703,0.428,7.61,Financial Data & Stock Exchanges,Financial Services,1685,United States,1369600000,1603600000,4332299776,2135500032,813524992,"Cboe Global Markets, Inc.",
CBRE,0,42640580608,43.876934,23.8398,1.29,3.26,Real Estate Services,Real Estate,140000,United States,2256000000,9041999872,36742000640,7205000192,1163250048,CBRE Group Inc,1.0124
CDW,0,24077285376,22.684862,18.067194,0.943,8.06,Information Technology Services,Technology,15100,United States,1985799936,6337299968,21325099008,4661400064,957524992,CDW Corporation,
COR,0,57004318720,34.00058,17.977077,0.571,8.65,Medical Distribution,Healthcare,42000,United States,4311264256,9765555200,310232186880,10221025280,3878175488,"Cencora, Inc.",0.8045
CNC,0,16901086208,5.009587,4.824574,0.457,6.78,Healthcare Plans,Healthcare,60400,United States,6483999744,18319998976,153265995776,21987999744,2509374976,Centene Corporation,0.3507
CNP,0,23485153280,24.31081,20.67816,0.576,1.48,Utilities - Regulated Electric,Utilities,8872,United States,3361999872,22186999808,8942999552,4036999936,-1248875008,"CenterPoint Energy, Inc (Holdin",2.4019
CF,0,15348017152,12.531085,15.3292885,0.955,7.56,Agricultural Inputs,Basic Materials,2800,United States,2784999936,3296000000,6128999936,2219000064,1633874944,"CF Industries Holdings, Inc.",0.6417
CRL,0,7716567552,,15.283074,1.481,-0.61,Diagnostics & Research,Healthcare,18700,United States,888742016,2989334016,4022597120,1395276032,625616896,Charles River Laboratories Inte,0.1344
SCHW,0,167170326528,27.880302,24.211842,0.933,3.3,Capital Markets,Financial Services,32100,United States,,54559997952,20465000448,19861999616,,Charles Schwab Corporation (The,1.1466
CHTR,0,57679233024,11.65392,11.670207,1.081,35.83,Telecom Services,Communication Services,94500,United States,22151999488,95557001216,55140999168,30361999360,3570749952,"Charter Communications, Inc.",0.4377
CVX,0,257599930368,16.99543,13.470109,0.801,8.75,Oil & Gas Integrated,Energy,45298,United States,38499999744,29681000448,195112992768,75975000064,13518749696,Chevron Corporation,4.015
CMG,0,76907315200,50.513275,43.57252,1.061,1.13,Restaurants,Consumer Cyclical,130504,United States,2342904064,4633078784,11487257600,4627334144,1160955648,"Chipotle Mexican Grill, Inc.",2.4441
CB,0,114217189376,13.735422,12.07158,0.555,20.75,Insurance - Property & Casualty,Financial Services,43000,Switzerland,10869000192,21137000448,56306999296,15146999808,11917375488,Chubb Limited,2.394
CHD,0,24206565376,42.18455,26.351206,0.515,2.33,Household & Personal Products,Consumer Defensive,5750,United States,1365400064,2404600064,6070900224,2762700032,764049984,"Church & Dwight Company, Inc.",2.3407
CI,0,85428330496,17.82525,10.210249,0.45,17.94,Healthcare Plans,Healthcare,71295,United States,11470999552,30448001024,255368003584,26186000384,7582125056,The Cigna Group,0.6217
CINF,0,23169755136,16.147625,20.223083,0.786,9.18,Insurance - Property & Casualty,Financial Services,5624,United States,1972999936,878000000,10968000512,1963000064,1229624960,Cincinnati Financial Corporatio,
CTAS,0,88320327680,50.74942,46.73718,1.065,4.31,Specialty Business Services,Industrials,46500,United States,2664393984,2691842048,10143464448,5063624192,1619095040,Cintas Corporation,3.8149
CSCO,0,274368610304,28.279593,17.765385,0.882,2.45,Communication Equipment,Technology,90400,United States,14741999616,30744999936,55623000064,36290998272,11596375040,"Cisco Systems, Inc.",2.2823
C,0,165209309184,13.97387,12.302447,1.31,6.33,Banks - Diversified,Financial Services,229000,United States,,801248968704,71819001856,71819001856,,"Citigroup, Inc.",1.2883
CFG,0,20698066944,15.15238,12.333334,1.074,3.15,Banks - Regional,Financial Services,17315,United States,,13196999680,7116000256,7116000256,,"Citizens Financial Group, Inc.",
CLX,0,15473798144,22.539495,17.221537,0.533,5.57,Household & Personal Products,Consumer Defensive,7400,United States,1260999936,2944000000,7018999808,3164000000,1120875008,Clorox Company (The),0.559
CME,0,99300524032,27.75025,26.572805,0.476,9.93,Financial Data & Stock Exchanges,Financial Services,3760,United States,4419100160,3796499968,6274100224,6274100224,2680800000,CME Group Inc.,8.3762
CMS,0,21028417536,20.798817,19.636873,0.379,3.38,Utilities - Regulated Electric,Utilities,8324,United States,2801999872,16965999616,7785999872,3318000128,-1015124992,CMS Energy Corporation,2.8225
KO,0,305990533120,28.5502,23.936026,0.464,2.49,Beverages - Non-Alcoholic,Consumer Defensive,69700,United States,15388000256,49970999296,46890000384,28637999104,4730375168,Coca-Cola Company (The),4.3876
CTSH,0,39997313024,17.082106,16.26052,0.976,4.75,Information Technology Services,Technology,336300,United States,3595000064,1179000064,20091000832,6881999872,1986499968,Cognizant Technology Solutions ,1.9101
CL,0,75032330240,26.227905,23.985622,0.382,3.53,Household & Personal Products,Consumer Defensive,34000,United States,4861000192,8269000192,19946999808,12129000448,2880124928,Colgate-Palmolive Company,2.003
CMCSA,0,134655885312,8.883005,8.234017,0.948,4.06,Telecom Services,Communication Services,182000,United States,38270001152,99122003968,123560001536,86941999104,9956500480,Comcast Corporation,1.6743
CAG,0,10041309184,30.933823,7.819702,0.137,0.68,Packaged Foods,Consumer Defensive,18500,United States,2138700032,8145099776,11736899584,3129900032,1283399936,"ConAgra Brands, Inc.",0.3228
COP,0,118691782656,11.916349,11.708592,0.62,7.89,Oil & Gas E&P,Energy,11800,United States,25586999296,23783999488,59090001920,28981999616,8659749888,ConocoPhillips,
ED,0,36065628160,18.502773,17.811388,0.259,5.41,Utilities - Regulated Electric,Utilities,15097,United States,5599000064,26215999488,15774000128,8415000064,-879875008,"Consolidated Edison, Inc.",3.4313
STZ,0,30864449536,,11.427159,0.696,-2.35,Beverages - Brewers,Consumer Defensive,10600,United States,3956999936,12113500160,10208700416,5335499776,1076337536,"Constellation Brands, Inc.",
CEG,0,97999224832,33.01795,34.936314,1.163,9.47,Utilities - Renewable,Utilities,14215,United States,6545999872,8358000128,24195000320,5591000064,3761374976,Constellation Energy Corporatio,
COO,0,14632282112,35.42995,17.97549,0.986,2.07,Medical Instruments & Supplies,Healthcare,16000,United States,1123500032,2859599872,3988199936,2680000000,229675008,"The Cooper Companies, Inc.",1.1112
CPRT,0,47819821056,32.751656,28.422415,1.101,1.51,Specialty Business Services,Industrials,13086,United States,1903851008,101060000,4590859776,2136147968,873605888,"Copart, Inc.",2.4281
GLW,0,45529997312,102.230774,23.012987,1.096,0.52,Electronic Components,Technology,56300,United States,2912999936,8152999936,13594999808,4707999744,1178125056,Corning Incorporated,0.5226
CPAY,0,23936032768,23.81136,15.308836,0.964,14.26,Software - Infrastructure,Technology,11200,United States,2143904000,8243302912,4045005056,3161487104,690412480,"Corpay, Inc.",
CTVA,0,52554375168,46.40964,24.0,0.754,1.66,Agricultural Inputs,Basic Materials,22000,United States,3328000000,4083000064,16833000448,7512000000,2847500032,"Corteva, Inc.",1.3291
CSGP,0,34820444160,294.76788,73.69197,0.873,0.28,Real Estate Services,Real Estate,6593,United States,183200000,1119600000,2812000000,2241400064,85037504,"CoStar Group, Inc.",2.9881
COST,0,437078720512,56.062145,50.079903,0.993,17.58,Discount Stores,Consumer Defensive,333000,United States,12442000384,8358000128,268775997440,34339000320,5910374912,Costco Wholesale Corporation,5.215
CTRA,0,19180748800,14.695906,10.785408,0.326,1.71,Oil & Gas E&P,Energy,915,United States,3574000128,4521999872,5801999872,4318000128,1317874944,Coterra Energy Inc.,
CRWD,0,127981363200,,120.25058,1.158,-0.69,Software - Infrastructure,Technology,10363,United States,-12793000,785398016,4136022016,3080400896,1310727424,"CrowdStrike Holdings, Inc.",5.6697
CCI,0,44673736704,,38.27985,0.9,-9.01,REIT - Specialty,Real Estate,3900,United States,3944999936,29674999808,6514999808,4672000000,1286625024,Crown Castle Inc.,2.5838
CSX,0,63128674304,20.002977,16.554188,1.236,1.68,Railroads,Industrials,23400,United States,6789000192,19725000704,14282000384,6789000192,2121124992,CSX Corporation,2.2619
CMI,0,45753950208,16.353521,14.748669,1.028,20.31,Specialty Industrial Machinery,Industrials,69600,United States,5036000256,8114999808,33873000448,8664999936,-424875008,Cummins Inc.,2.6696
CVS,0,85483724800,16.127684,10.42824,0.561,4.19,Healthcare Plans,Healthcare,219000,United States,13946999808,81212997632,376741003264,51016998912,6530874880,CVS Health Corporation,0.6993
DHR,0,145073471488,39.284885,24.189737,0.799,5.16,Diagnostics & Research,Healthcare,61000,United States,7464000000,17577000960,23819999232,14245000192,4234749952,Danaher Corporation,1.9883
DRI,0,25805402112,24.832207,20.881628,0.745,8.88,Restaurants,Consumer Cyclical,,United States,1927600000,7749400064,12076699648,2642599936,1038849984,"Darden Restaurants, Inc.",2.0926
DVA,0,10868727808,14.266865,12.760426,1.109,10.08,Medical Care Facilities,Healthcare,76000,United States,2659367936,12320337920,12968523776,4209318912,1583755776,DaVita Inc.,2.0093
DAY,0,9094031360,355.5,25.737556,1.117,0.16,Software - Application,Technology,9600,United States,233500000,1231200000,1810300032,911400000,267812496,"Dayforce, Inc.",0.9897
DECK,0,15888035840,16.79621,16.71698,1.016,6.33,Footwear & Accessories,Consumer Cyclical,5500,United States,1252734976,276975008,4985611776,2885662976,780141632,Deckers Outdoor Corporation,1.9381
DE,0,140915359744,25.123854,23.469328,1.102,20.71,Farm & Heavy Construction Machinery,Industrials,75800,United States,9306000384,67107999744,45383999488,12805000192,4988000256,Deere & Company,1.5883
DELL,0,85154824192,19.661442,13.344682,1.087,6.38,Computer Hardware,Technology,108000,United States,9904000000,29625999360,96700997632,21492000768,1893874944,Dell Technologies Inc.,0.9447
DAL,0,33195935744,9.014132,7.242122,1.508,5.64,Airlines,Industrials,100000,United States,7950000128,23380000768,61935001600,13333000192,1395000064,"Delta Air Lines, Inc.",
DVN,0,21317720064,7.5626426,7.4439464,1.063,4.39,Oil & Gas E&P,Energy,2300,United States,7759000064,9006999552,15943000064,8360999936,-1608749952,Devon Energy Corporation,
DXCM,0,32607621120,62.526318,40.96552,1.461,1.33,Medical Devices,Healthcare,10200,United States,857800000,2583200000,4148000000,2465299968,509037504,"DexCom, Inc.",1.2906
FANG,0,41162088448,8.75606,9.623292,1.036,16.09,Oil & Gas E&P,Energy,1983,United States,9171999744,14023000064,12286000128,9271000064,2043000064,"Diamondback Energy, Inc.",
DLR,0,59359961088,161.6729,142.96695,0.975,1.07,REIT - Specialty,Real Estate,3936,United States,2488730112,18438764544,5519691776,2988041984,1393827072,"Digital Realty Trust, Inc.",6.0069
DFS,0,50343182336,10.686432,12.082167,1.146,18.72,Credit Services,Financial Services,21000,United States,,14538000384,13342999552,12590999552,,Discover Financial Services,
DG,0,24996765696,21.676527,18.261255,0.266,5.24,Discount Stores,Consumer Defensive,194200,United States,2962992896,17018013696,41134264320,12256635904,1635128448,Dollar General Corporation,1.9081
DLTR,0,21124208640,19.964497,16.70297,0.845,5.07,Discount Stores,Consumer Defensive,64434,United States,2075299968,7907400192,18049300480,6467299840,1202599936,"Dollar Tree, Inc.",
D,0,48754057216,22.073359,16.9142,0.557,2.59,Utilities - Regulated Electric,Utilities,14700,United States,7336000000,44607000576,14903000064,7258999808,-2503249920,"Dominion Energy, Inc.",2.1505
DPZ,0,15497189376,25.936102,25.656746,1.122,17.45,Restaurants,Consumer Cyclical,6400,United States,935030976,5299667968,4733825024,1346251008,474226624,Domino's Pizza Inc,2.6501
DASH,0,101944336384,304.53165,135.1573,1.669,0.79,Internet Retail,Consumer Cyclical,23700,United States,530000000,527000000,11240999936,5648000000,1858125056,"DoorDash, Inc.",1.2143
DOV,0,25805715456,24.996016,20.002127,1.268,7.53,Specialty Industrial Machinery,Industrials,24000,United States,1666148992,2972802048,7728248832,3035323904,922395776,Dover Corporation,2.3956
DOW,0,20067811328,70.975,9.128617,0.878,0.4,Chemicals,Basic Materials,36000,United States,4520999936,17920999424,42630000640,4075000064,-583000000,Dow Inc.,1.8889
DHI,0,40672296960,10.038287,8.311676,1.37,13.19,Residential Construction,Consumer Cyclical,14766,United States,5640000000,6611999744,35315298304,8541799936,1288112512,"D.R. Horton, Inc.",1.6136
DTE,0,27470968832,17.889189,18.360611,0.453,7.4,Utilities - Regulated Electric,Utilities,4750,United States,3460999936,23437000704,13656999936,4489999872,-1550125056,DTE Energy Company,3.1293
DUK,0,91351015424,19.490877,18.537855,0.358,6.03,Utilities - Regulated Electric,Utilities,26413,United States,14897999872,87480999936,30512001024,15747999744,-2420750080,Duke Energy Corporation (Holdin,2.947
DD,0,30876856320,2459.3333,16.80638,1.03,0.03,Specialty Chemicals,Basic Materials,24000,United States,3177999872,7580000256,12520999936,4640000000,1822625024,"DuPont de Nemours, Inc.",0.6802
EMN,0,9190616064,10.140127,9.1494255,1.264,7.85,Specialty Chemicals,Basic Materials,14000,United States,1923000064,5112000000,9361999872,2332000000,532375008,Eastman Chemical Company,2.0277
ETN,0,141752958976,36.518307,30.063202,1.143,9.92,Specialty Industrial Machinery,Industrials,94443,Ireland,5792000000,10757999616,25312000000,9731999744,2571749888,"Eaton Corporation, PLC",2.9999
EBAY,0,35268390912,18.396635,14.66092,1.261,4.16,Internet Retail,Consumer Cyclical,11500,United States,2575000064,7177999872,10311999488,7408999936,3102249984,eBay Inc.,1.9199
ECL,0,77447012352,37.11538,36.422558,1.044,7.36,Specialty Chemicals,Basic Materials,48000,United States,3648699904,7000000000,15684500480,6861199872,1633100032,Ecolab Inc.,3.8249
EIX,0,20073138176,7.379066,9.152632,0.783,7.07,Utilities - Regulated Electric,Utilities,14013,United States,6406000128,39559999488,17332000768,9178000384,-1136125056,Edison International,0.5753
EW,0,45115408384,31.780993,31.391838,1.123,2.42,Medical Devices,Healthcare,15800,United States,1686000000,699400000,5522299904,4390099968,1447462528,Edwards Lifesciences Corporatio,4.2946
EA,0,39009976320,36.44366,18.20047,0.711,4.26,Electronic Gaming & Multimedia,Communication Services,14500,United States,1938000000,2217999872,7463000064,5920000000,1655750016,Electronic Arts Inc.,1.4507
ELV,0,79675981824,13.716453,10.090128,0.617,25.71,Healthcare Plans,Healthcare,104200,United States,9834999808,30002999296,183124000768,50790998016,7437749760,"Elevance Health, Inc.",0.6326
EMR,0,78187495424,40.17341,21.99367,1.268,3.46,Specialty Industrial Machinery,Industrials,73000,United States,4853000192,15000000512,17607000064,9290999808,3432624896,Emerson Electric Company,1.7225
ENPH,0,5689896448,39.785137,11.848578,1.701,1.09,Solar,Technology,2781,United States,225983008,1234605056,1423128064,524371008,358479744,"Enphase Energy, Inc.",0.6798
ETR,0,36630712320,26.559872,10.603359,0.583,3.09,Utilities - Regulated Electric,Utilities,12000,United States,5390584832,30924976128,11931898880,5964610048,-2324900864,Entergy Corporation,1.4732
EOG,0,67317366784,11.42037,11.151898,0.761,10.8,Oil & Gas E&P,Energy,3150,United States,12144000000,5062000128,23478999040,14515000320,4095249920,"EOG Resources, Inc.",
EPAM,0,10368860160,25.5979,16.356121,1.718,7.15,Information Technology Services,Technology,61200,United States,690411008,158142000,4864166912,1471296000,566563904,"EPAM Systems, Inc.",2.0643
EQT,0,33193811968,90.90164,22.00397,0.655,0.61,Oil & Gas E&P,Energy,,United States,2947750912,8392782848,6155850752,4211763968,1317945600,EQT Corporation,0.5285
EFX,0,32448231424,53.209778,27.764082,1.629,4.91,Consulting Services,Industrials,15000,United States,1778300032,4964100096,5733700096,3236000000,783900032,"Equifax, Inc.",1.3471
EQIX,0,76975554560,82.48619,58.813023,0.957,9.54,REIT - Specialty,Real Estate,13606,United States,3664999936,19650000896,8814000128,4353999872,3243500032,"Equinix, Inc.",3.4415
EQR,0,26245961728,25.580538,39.6574,0.919,2.62,REIT - Residential,Real Estate,2500,United States,1840765952,8151031808,3010099968,1903009024,1447674240,Equity Residential,
ERIE,0,18201591808,29.675192,25.976866,0.357,11.73,Insurance Brokers,Financial Services,6715,United States,778619776,12706000,3903813120,689019008,362523872,Erie Indemnity Company,
ESS,0,19643920384,27.197895,47.257473,0.802,10.46,REIT - Residential,Real Estate,1712,United States,1182027008,6844401152,1861154048,1280050048,794400128,"Essex Property Trust, Inc.",7.387
EL,0,31841650688,,32.781483,1.117,-2.42,Household & Personal Products,Consumer Defensive,44020,United States,2151000064,9381999616,14785999872,10931000320,1570625024,"Estee Lauder Companies, Inc. (T",1.6818
EG,0,14352909312,17.033821,5.0765758,0.519,19.81,Insurance - Reinsurance,Financial Services,3037,Bermuda,,3587000064,17401999360,1147000064,4593375232,"Everest Group, Ltd.",
EVRG,0,16041945088,18.347368,17.257425,0.472,3.8,Utilities - Regulated Electric,Utilities,4731,United States,2667300096,14401999872,5890800128,3075000064,-467612512,"Evergy, Inc.",2.8296
ES,0,23722049536,28.320175,13.508368,0.648,2.28,Utilities - Regulated Electric,Utilities,10000,United States,4379497984,29434765312,12686588928,6808716800,-845830272,Eversource Energy (D/B/A),0.9691
EXC,0,43612127232,16.059479,16.425856,0.476,2.69,Utilities - Regulated Electric,Utilities,20000,United States,7647000064,48274001920,23698999296,9888000000,-1935000064,Exelon Corporation,2.0737
EXE,0,26053943296,,25.820757,0.476,-5.81,Oil & Gas E&P,Energy,1500,United States,1226000000,5313999872,6568000000,2716999936,1787374976,Expand Energy Corporation,0.3872
EXPE,0,22638979072,21.25179,12.401811,1.596,8.38,Travel Services,Consumer Cyclical,16500,United States,1838000000,6466999808,13790000128,12348000256,1859500032,"Expedia Group, Inc.",0.7437
EXPD,0,16192731136,19.641195,21.977694,1.068,6.02,Integrated Freight & Logistics,Industrials,19203,United States,1152937984,588358016,11060255744,1478610048,599665152,Expeditors International of Was,4.2984
EXR,0,33862887424,35.543022,31.97385,1.131,4.3,REIT - Industrial,Real Estate,8012,United States,2265201920,13248731136,3363286016,2553349120,781681728,Extra Space Storage Inc,3.8385
XOM,0,483584737280,14.881963,14.257941,0.463,7.54,Oil & Gas Integrated,Energy,61000,United States,64872001536,37551001600,341088010240,105007996928,21801000960,Exxon Mobil Corporation,5.7748
FFIV,0,17255421952,28.560045,19.509851,1.009,10.52,Software - Infrastructure,Technology,6114,United States,824352000,266818000,2939781120,2378167040,746167488,"F5, Inc.",1.3329
FDS,0,17083025408,32.433716,24.099571,0.852,13.88,Financial Data & Stock Exchanges,Financial Services,12579,United States,852521984,1620504064,2287034112,1219725952,516919488,FactSet Research Systems Inc.,2.279
FICO,0,45209354240,79.98622,49.967182,1.29,23.22,Software - Application,Technology,3718,United States,827203968,2548995072,1840360960,1487586944,553474496,Fair Isaac Corporation,1.4222
FAST,0,49256747008,42.935,19.605022,0.968,1.0,Industrial Distribution,Industrials,21339,United States,1690899968,495800000,7610299904,3424199936,683987520,Fastenal Company,3.8576
FRT,0,8288501248,27.418104,31.079805,1.122,3.48,REIT - Retail,Real Estate,304,United States,761038016,4600334848,1223587968,830673024,390635872,Federal Realty Investment Trust,3.5913
FDX,0,57606787072,14.302796,10.568352,1.362,16.81,Integrated Freight & Logistics,Industrials,500000,United States,10970999808,,87925997568,23971999744,3176624896,FedEx Corporation,1.1109
FIS,0,43008835584,52.140125,14.336252,1.077,1.57,Information Technology Services,Technology,50000,United States,2700999936,12087000064,10190999552,3774000128,1938875008,Fidelity National Information S,0.7126
FITB,0,29005864960,13.7952385,11.905479,0.918,3.15,Banks - Regional,Financial Services,18786,United States,,22708000768,7906999808,7906999808,,Fifth Third Bancorp,2.7983
FSLR,0,19801532416,15.674024,8.85139,1.527,11.78,Solar,Technology,8100,United States,1831742976,630392000,4256749056,1856263936,-820771968,"First Solar, Inc.",0.4304
FE,0,22944835584,21.146276,13.756055,0.382,1.88,Utilities - Regulated Electric,Utilities,12294,United States,4570999808,24785999872,13763999744,9555000320,-1061875008,FirstEnergy Corp.,1.2089
FI,0,97009311744,30.91343,17.170757,0.911,5.66,Information Technology Services,Technology,38000,United States,9162000384,28415000576,20703000576,12622000128,4059375104,"Fiserv, Inc.",0.7955
F,0,46962659328,9.44792,6.7485147,1.509,1.25,Auto Manufacturers,Consumer Cyclical,170000,United States,10131000320,157782999040,182873997312,14753000448,1385500032,Ford Motor Company,4.3496
FTNT,0,80628916224,43.349792,43.70954,1.072,2.43,Software - Infrastructure,Technology,14556,United States,2056199936,1076499968,6142199808,4996199936,1964999936,"Fortinet, Inc.",2.8538
FTV,0,18085120000,23.337719,12.760191,1.156,2.28,Scientific & Technical Instruments,Technology,18000,United States,1679399936,4029400064,6181499904,3707699968,1302475008,Fortive Corporation,0.7783
FOXA,0,23982370816,13.769802,14.914209,0.527,4.04,Entertainment,Communication Services,10200,United States,3422000128,8106999808,16104999936,5561999872,2049874944,Fox Corporation,6.0317
FOX,0,23973812224,12.683168,21.804256,0.527,4.04,Entertainment,Communication Services,10200,United States,3422000128,8106999808,16104999936,5561999872,2049874944,Fox Corporation,5.5577
BEN,0,13046059008,35.978264,9.548078,1.458,0.69,Asset Management,Financial Services,10000,United States,1667100032,3660499968,8697100288,3294799872,-97662496,"Franklin Resources, Inc.",0.4922
FCX,0,65698963456,37.4959,21.17824,1.632,1.22,Copper,Basic Materials,28500,United States,9075999744,9404000256,24861999104,9562000384,1922749952,"Freeport-McMoRan, Inc.",5.2035
GRMN,0,41502212096,28.361843,28.894102,0.988,7.6,Scientific & Technical Instruments,Technology,21800,Switzerland,1809616000,178435008,6450353152,3778960896,901582016,Garmin Ltd.,2.8571
IT,0,30812155904,24.94268,30.351023,1.233,16.05,Information Technology Services,Technology,21107,United States,1313431040,2883974912,6328614912,4290003968,1007795904,"Gartner, Inc.",
GE,0,264342077440,39.09858,47.306297,1.389,6.34,Aerospace & Defense,Industrials,53000,United States,9761000448,20714000384,39680999424,12650999808,2622874880,GE Aerospace,9.0437
GEHC,0,34794680320,15.964285,16.271948,1.291,4.76,Health Information Services,Healthcare,53000,United States,3656000000,9184000000,19798999040,8316000256,1576875008,GE HealthCare Technologies Inc.,2.5446
GEV,0,141344849920,74.29986,75.05362,,6.97,Specialty Industrial Machinery,Industrials,76800,United States,2408999936,1013000000,35706998784,6610999808,4210374912,GE Vernova Inc.,3.3675
GEN,0,19022454784,29.7767,12.518367,1.011,1.03,Software - Infrastructure,Technology,3500,United States,1878000000,8314999808,3935000064,3159000064,1312499968,Gen Digital Inc.,0.8626
GNRC,0,8989264896,26.59965,18.532276,1.698,5.72,Specialty Industrial Machinery,Industrials,5389,United States,729518016,1420365952,4348682240,1721233024,488257120,Generac Holdlings Inc.,1.5975
GD,0,79149981696,20.479166,18.339552,0.467,14.4,Aerospace & Defense,Industrials,110000,United States,5907999744,11507000320,49208000512,7593999872,2482249984,General Dynamics Corporation,2.2082
GIS,0,28884293632,12.987805,11.329787,0.017,4.1,Packaged Foods,Consumer Defensive,33000,United States,3904199936,15296700416,19486599168,6742700032,1248349952,"General Mills, Inc.",3.9794
GM,0,51254099968,7.445531,5.0435195,1.344,7.16,Auto Manufacturers,Consumer Cyclical,162000,United States,18460999680,134162997248,188447997952,22555000832,1306000000,General Motors Company,1.6423
GPC,0,17683234816,20.921183,15.042503,0.774,6.09,Auto Parts,Consumer Cyclical,63000,United States,1916928000,6102282240,23569006592,8630130688,-3516500,Genuine Parts Company,1.6024
GILD,0,138841243648,23.448528,15.022207,0.311,4.76,Drug Manufacturers - General,Healthcare,17600,United States,13724000256,24952000512,28735000576,22496000000,9989000192,"Gilead Sciences, Inc.",0.2329
GPN,0,19949385728,13.236247,6.390625,0.936,6.18,Specialty Business Services,Industrials,27000,United States,4423721984,16940187648,10097805312,6348184064,3779338752,Global Payments Inc.,0.6242
GL,0,10023184384,9.888436,8.961623,0.564,12.28,Insurance - Life,Financial Services,3732,United States,1517460992,3168836096,5842352128,1911633024,1351823232,Globe Life Inc.,
GDDY,0,25372839936,34.31021,26.538004,1.075,5.19,Software - Infrastructure,Technology,5518,United States,1113699968,3885700096,4658999808,2980999936,958425024,GoDaddy Inc.,2.8414
GS,0,221768089600,16.769049,17.390423,1.314,43.1,Capital Markets,Financial Services,46600,United States,,739638968320,53043998720,43939999744,,"Goldman Sachs Group, Inc. (The)",3.2324
HAL,0,18513963008,9.01046,6.626154,1.141,2.39,Oil & Gas Equipment & Services,Energy,48000,United States,4727000064,8574000128,22556999680,4097999872,1766875008,Halliburton Company,12.0866
HIG,0,35508613120,12.461117,10.765289,0.706,10.03,Insurance - Property & Casualty,Financial Services,19100,United States,4153999872,4366000128,26946000896,9338999808,5297249792,"The Hartford Insurance Group, I",
HAS,0,10896431104,25.663368,17.55305,0.556,3.03,Leisure,Consumer Cyclical,4985,United States,1012400000,3360300032,4265299968,2746599936,522600000,"Hasbro, Inc.",2.0131
HCA,0,90277797888,16.656013,15.285541,1.504,22.53,Medical Care Facilities,Healthcare,226000,United States,14218999808,46435999744,71584997376,29276999680,3314249984,"HCA Healthcare, Inc.",1.2491
DOC,0,12713388032,44.633415,73.1988,1.013,0.41,REIT - Healthcare Facilities,Real Estate,387,United States,1608579968,9183536128,2796777984,1778455040,753127744,"Healthpeak Properties, Inc.",4.5821
HSIC,0,9357249536,23.319315,14.395193,0.867,3.21,Medical Distribution,Healthcare,25000,United States,1029000000,3224000000,12668999680,4004000000,548625024,"Henry Schein, Inc.",1.8235
HSY,0,35671474176,21.656212,20.960121,0.283,8.13,Confectioners,Consumer Defensive,18540,United States,2778831872,6290816000,10754932736,4577278976,1252741120,The Hershey Company,49.7695
HES,0,44544303104,20.004168,18.951315,0.626,7.2,Oil & Gas E&P,Energy,1797,United States,6723999744,9498000384,12270000128,9694000128,717249984,Hess Corporation,3.5841
HPE,0,27878115328,20.427887,10.116668,1.329,1.04,Communication Equipment,Technology,61000,United States,4797000192,17557999616,31648999424,9601000448,81000000,Hewlett Packard Enterprise Comp,11.6887
HLT,0,65198735360,43.40032,34.329163,1.25,6.32,Lodging,Consumer Cyclical,181000,United States,2516000000,11879999488,4759000064,3640999936,1668749952,Hilton Worldwide Holdings Inc.,1.6684
HOLX,0,14424757248,27.19748,13.7139845,0.548,2.38,Medical Instruments & Supplies,Healthcare,7063,United States,1252300032,2531000064,4026500096,2456699904,775875008,"Hologic, Inc.",1.2456
HD,0,370555977728,25.284794,23.87468,1.018,14.73,Home Improvement Retail,Consumer Cyclical,470000,United States,25497999360,61952000000,162952003584,54334001152,10957625344,"Home Depot, Inc. (The)",4.3535
HON,0,154793377792,27.628014,21.856493,1.069,8.71,Conglomerates,Industrials,102000,United States,9765999616,33991000064,39215001600,14924999680,4354625024,Honeywell International Inc.,2.3767
HRL,0,16749800448,22.397058,18.023668,0.336,1.36,Packaged Foods,Consumer Defensive,20000,United States,1306600960,2857946112,11924157440,1974364032,449302016,Hormel Foods Corporation,3.0737
HST,0,11432601600,16.9375,16.762886,1.351,0.96,REIT - Hotel & Motel,Real Estate,165,United States,1572999936,5644000256,5816000000,1694000000,1235250048,"Host Hotels & Resorts, Inc.",2.223
HWM,0,72540217344,58.72549,56.687695,1.432,3.06,Aerospace & Defense,Industrials,23930,United States,2008000000,3483000064,7548000256,2411000064,790124992,Howmet Aerospace Inc.,
HPQ,0,24486754304,10.026885,7.241639,1.313,2.6,Computer Hardware,Technology,58000,United States,4682999808,11916000256,54298001408,11486000128,2654625024,HP Inc.,1.5953
HUBB,0,22296135680,28.264208,23.574776,0.983,14.78,Electrical Equipment & Parts,Industrials,17700,United States,1305600000,2010499968,5594599936,1914099968,640574976,Hubbell Inc,2.4366
HUM,0,29165463552,17.065678,14.349762,0.435,14.16,Healthcare Plans,Healthcare,65680,United States,4096999936,13733999616,120262000640,18186999808,-2093124992,Humana Inc.,0.8143
HBAN,0,25647431680,13.542462,13.138208,0.945,1.3,Banks - Regional,Financial Services,20092,United States,,19239000064,7104000000,7104000000,,Huntington Bancshares Incorpora,2.5007
HII,0,9892569088,18.163544,16.078444,0.282,13.88,Aerospace & Defense,Industrials,44000,United States,1000000000,3406000128,11463999488,1468999936,-86875000,"Huntington Ingalls Industries, ",1.0644
IBM,0,271300280320,49.98459,27.512726,0.652,5.84,Information Technology Services,Technology,270300,United States,13950000128,66835001344,62832001024,35840000000,10564249600,International Business Machines,2.1328
IEX,0,13707190272,28.800795,21.296362,1.056,6.3,Specialty Industrial Machinery,Industrials,9000,United States,884700032,1966400000,3282599936,1463800064,479100000,IDEX Corporation,1.7875
IDXX,0,43772432384,50.396755,45.508778,1.548,10.8,Diagnostics & Research,Healthcare,11000,United States,1341507968,1059358976,3931835904,2409235968,761150144,"IDEXX Laboratories, Inc.",4.4798
ITW,0,75565211648,22.674295,24.072897,1.119,11.36,Specialty Industrial Machinery,Industrials,44000,United States,4519000064,8263000064,15763999744,6889999872,2692375040,Illinois Tool Works Inc.,3.7162
INCY,0,13257609216,342.44998,11.154723,0.676,0.2,Biotechnology,Healthcare,2617,United States,303279008,43119000,4413225984,1635259008,618045760,Incyte Corporation,0.1225
IR,0,35194081280,43.18317,24.641245,1.444,2.02,Specialty Industrial Machinery,Industrials,21000,United States,1947399936,4865999872,7281699840,3189199872,1108525056,Ingersoll Rand Inc.,1.3124
PODD,0,21120208896,54.073868,77.547806,1.377,5.55,Medical Devices,Healthcare,3900,United States,424500000,1748600064,2198899968,1547900032,84250000,Insulet Corporation,7.6165
INTC,0,97556127744,,23.0567,1.113,-4.48,Semiconductors,Technology,108900,United States,8114999808,50150998016,53043998720,17568999424,-7000750080,Intel Corporation,
ICE,0,104927666176,37.871635,27.139467,1.129,4.83,Financial Data & Stock Exchanges,Financial Services,12842,United States,5800000000,20621000704,9461999616,9461999616,2783000064,Intercontinental Exchange Inc.,2.9915
IFF,0,19562819584,,16.590021,1.076,-3.26,Specialty Chemicals,Basic Materials,22400,United States,1763000064,9911000064,11427999744,4135000064,-1259374976,International Flavors & Fragran,0.9448
IP,0,26627377152,43.11111,16.813334,0.994,1.17,Packaging & Containers,Consumer Cyclical,65000,United States,1959000064,10328000512,19900999680,5778999808,485624992,International Paper Company,1.1293
IPG,0,9422696448,19.454199,9.267273,1.049,1.31,Advertising Agencies,Communication Services,51500,United States,1664800000,4205799936,9000999936,2029799936,1069362496,"Interpublic Group of Companies,",0.9096
INTU,0,217941295104,63.93617,35.1462,1.283,12.22,Software - Application,Technology,18800,United States,5330999808,,18183999488,14595000320,5197749760,Intuit Inc.,2.0086
ISRG,0,195823452160,80.22834,69.51081,1.676,6.81,Medical Instruments & Supplies,Healthcare,15638,United States,2966099968,0,8714900480,5846499840,1659849984,"Intuitive Surgical, Inc.",3.8155
IVZ,0,7489849856,13.3880005,8.854498,1.435,1.25,Asset Management,Financial Services,8495,United States,1272400000,964800000,6120900096,1761200000,10569037824,Invesco Ltd,0.5005
INVH,0,20012785664,41.85898,44.121624,0.817,0.78,REIT - Residential,Real Estate,1750,United States,1439789952,8135558144,2618856960,1533539968,977758976,Invitation Homes Inc.,12.9175
IQV,0,28487426048,22.46483,13.642685,1.286,7.33,Diagnostics & Research,Healthcare,89000,United States,2926000128,14538000384,15496999936,5379999744,2157750016,"IQVIA Holdings, Inc.",1.0179
IRM,0,29955817472,247.63414,51.801018,1.111,0.41,REIT - Specialty,Real Estate,28850,United States,2090653952,17479235584,6265574912,3512077056,-776869888,Iron Mountain Incorporated (Del,
JBHT,0,15067659264,27.568056,21.155989,1.296,5.51,Integrated Freight & Logistics,Industrials,33646,United States,1573156992,1920166016,12064594944,2271185920,337648992,"J.B. Hunt Transport Services, I",2.0089
JBL,0,24255178752,42.967697,22.578432,1.139,5.26,Electronic Components,Technology,138000,United States,2102000000,3329999872,28514000896,2526000128,1419874944,Jabil Inc.,
JKHY,0,13220472832,30.930153,28.727846,0.732,5.87,Information Technology Services,Technology,7200,United States,604636992,223444992,2319827968,975688000,230522256,"Jack Henry & Associates, Inc.",4.8508
J,0,15957917696,43.6875,19.971428,0.76,3.04,Engineering & Construction,Industrials,45000,United States,1310900992,3115205120,11686905856,2924966912,1289841024,Jacobs Solutions Inc.,1.7169
JNJ,0,375274733568,17.349277,14.71415,0.41,8.99,Drug Manufacturers - General,Healthcare,138100,United States,30025000960,52252000256,89330999296,61549998080,16797124608,Johnson & Johnson,1.0578
JCI,0,69998100480,32.136707,25.38723,1.339,3.31,Building Products & Equipment,Industrials,94000,Ireland,4113999872,11205000192,23247998976,8371999744,2593499904,Johnson Controls International ,1.474
JPM,0,821668544512,14.50741,17.66195,1.084,20.38,Banks - Diversified,Financial Services,318477,United States,,1076282982400,168713994240,168713994240,,JP Morgan Chase & Co.,7.9283
JNPR,0,13358601216,38.047623,20.176767,0.773,1.05,Communication Equipment,Technology,11271,United States,604400000,1963500032,5204899840,3055300096,733287488,"Juniper Networks, Inc.",
K,0,27742976000,20.142317,66.6375,0.305,3.97,Packaged Foods,Consumer Defensive,24000,United States,2372999936,6259999744,12632000512,4631000064,722124992,Kellanova,3.5128
KVUE,0,40423706624,37.598213,17.258196,0.925,0.56,Household & Personal Products,Consumer Defensive,22000,United States,3508999936,8851000320,15301999616,8912000000,1793374976,Kenvue Inc.,0.9735
KDP,0,45859282944,30.695454,16.470732,0.496,1.1,Beverages - Non-Alcoholic,Consumer Defensive,29000,United States,4167000064,18681999360,15518000128,8574000128,1535000064,Keurig Dr Pepper Inc.,1.039
KEY,0,20231051264,,11.833333,1.074,-0.19,Banks - Regional,Financial Services,16989,United States,,15516999680,4464000000,4464000000,,KeyCorp,
KEYS,0,28755109888,39.311764,23.970589,1.098,4.25,Scientific & Technical Instruments,Technology,15400,United States,1154000000,2764999936,5107999744,3160999936,976499968,Keysight Technologies Inc.,0.9288
KMB,0,43806351360,17.961906,17.302753,0.398,7.35,Household & Personal Products,Consumer Defensive,38000,United States,3860000000,7283999744,19748999168,7199000064,2051624960,Kimberly-Clark Corporation,5.8327
KIM,0,14578488320,28.355263,30.785713,1.281,0.76,REIT - Retail,Real Estate,717,United States,1256643968,8143657984,2069884032,1421996032,797736128,Kimco Realty Corporation (HC),3.3685
KMI,0,63212687360,24.51612,22.570396,0.749,1.16,Oil & Gas Midstream,Energy,10933,United States,6575000064,33200001024,15498999808,7790000128,257875008,"Kinder Morgan, Inc.",2.3664
KKR,0,127827017728,59.80953,22.76112,1.884,2.31,Asset Management,Financial Services,4834,United States,,51460583424,20308705280,12292313088,,KKR & Co. Inc.,1.3613
KLAC,0,121983729664,33.604187,28.10588,1.386,27.45,Semiconductor Equipment & Materials,Technology,15000,United States,5036264960,6089172992,11550155776,6995023872,2567814400,KLA Corporation,1.7305
KHC,0,31546902528,12.171095,8.682313,0.231,2.19,Packaged Foods,Consumer Defensive,36000,United States,6368999936,21603000320,25433999360,8794000384,2305625088,The Kraft Heinz Company,0.9969
KR,0,45897445376,18.915531,15.157205,0.574,3.67,Grocery Stores,Consumer Defensive,409000,United States,8310000128,21152999424,146972000256,34995998720,2850500096,Kroger Company (The),1.6707
LHX,0,47860047872,30.40499,17.790827,0.752,8.42,Aerospace & Defense,Industrials,47000,United States,3967000064,12252000256,21245999104,5526000128,3564999936,"L3Harris Technologies, Inc.",0.3755
LH,0,21899270144,30.212473,16.332085,0.794,8.66,Diagnostics & Research,Healthcare,60900,United States,1717299968,6584600064,13177400320,3675099904,967924992,Labcorp Holdings Inc.,0.983
LRCX,0,126441013248,27.534819,23.149883,1.656,3.59,Semiconductor Equipment & Materials,Technology,18600,United States,5667103232,4484340224,17135705088,8234723840,2826895104,Lam Research Corporation,1.4665
LW,0,7452336128,20.709805,10.604418,0.474,2.55,Packaged Foods,Consumer Defensive,10700,United States,1227500032,4268800000,6387400192,1520400000,15387500,"Lamb Weston Holdings, Inc.",2.0586
LVS,0,34207860736,27.044693,17.603636,1.022,1.79,Resorts & Casinos,Consumer Cyclical,39900,United States,3688999936,13850999808,11201000448,8849999872,1662249984,Las Vegas Sands Corp.,1.2227
LDOS,0,21332598784,16.706654,15.85933,0.646,9.92,Information Technology Services,Technology,47000,United States,2220000000,5736000000,16931999744,2916999936,921625024,"Leidos Holdings, Inc.",
LEN,0,28604033024,9.196355,6.8773236,1.354,12.07,Residential Construction,Consumer Cyclical,13265,United States,4355507200,4384373248,35371978752,7298812928,,Lennar Corporation,2.0713
LII,0,21430245376,26.889025,25.85306,1.145,22.46,Building Products & Equipment,Industrials,14200,United States,1119200000,1489799936,5366799872,1760400000,589800000,"Lennox International, Inc.",2.262
LLY,0,699713388544,63.315998,34.396294,0.394,12.31,Drug Manufacturers - General,Healthcare,47000,United States,22003300352,38604300288,49003200512,40034201600,-1821975040,Eli Lilly and Company,1.195
LIN,0,224017547264,34.510513,28.076694,0.979,13.79,Specialty Chemicals,Basic Materials,65069,United Kingdom,12823000064,23896999936,33016999936,15932999680,3411000064,Linde plc,2.6435
LYV,0,34844602368,50.96271,62.123962,1.45,2.95,Entertainment,Communication Services,16200,United States,1968067968,8294375936,22738212864,5806461952,1639135232,"Live Nation Entertainment, Inc.",5.1246
LKQ,0,9951604736,14.330854,10.649172,0.979,2.69,Auto Parts,Consumer Cyclical,47000,United States,1724000000,5846000128,14115000320,5543000064,510249984,LKQ Corporation,1.0433
LMT,0,108479045632,19.939707,16.471006,0.293,23.22,Aerospace & Defense,Industrials,121000,United States,8689000448,20303998976,71810998272,7346999808,5291125248,Lockheed Martin Corporation,1.6788
L,0,19327770624,15.109836,31.782757,0.706,6.1,Insurance - Property & Casualty,Financial Services,13000,United States,2758000128,8945999872,17773000704,6451999744,3020999936,Loews Corporation,
LOW,0,127300698112,18.772314,17.98456,0.922,12.1,Home Improvement Retail,Consumer Cyclical,300000,United States,12476999680,38994001920,83240001536,27772999680,5662374912,"Lowe's Companies, Inc.",2.2788
LULU,0,29775781888,16.90068,16.640322,1.262,14.7,Apparel Retail,Consumer Cyclical,39000,Canada,2976974080,1706781952,10749894656,6378869248,1183213952,lululemon athletica inc.,1.0461
LYB,0,19949297664,21.477509,7.2090597,0.842,2.89,Specialty Chemicals,Basic Materials,20000,United States,3550000128,12814000128,39674998784,4008999936,1453374976,LyondellBasell Industries NV,0.9503
MTB,0,32555855872,13.575637,12.458231,0.61,14.94,Banks - Regional,Financial Services,22291,United States,,12700999680,8785000448,8785000448,,M&T Bank Corporation,31.3122
MPC,0,54220201984,24.309917,17.302942,0.868,7.26,Oil & Gas Refining & Marketing,Energy,18300,United States,7942000128,32137000960,137968992256,11962000384,2657750016,Marathon Petroleum Corporation,2.9666
MKTX,0,8095116800,37.410744,26.228434,0.842,5.77,Capital Markets,Financial Services,891,United States,410612000,70861000,815355008,506049984,503360736,"MarketAxess Holdings, Inc.",3.0017
MAR,0,76877127680,31.895452,26.479244,1.422,8.8,Lodging,Consumer Cyclical,418000,United States,4337999872,15850999808,6681999872,5472000000,1812999936,Marriott International,1.6397
MMC,0,105870008320,26.363806,22.78526,0.827,8.15,Insurance Brokers,Financial Services,90000,United States,7417999872,22418999296,25045999616,11100000256,4121999872,"Marsh & McLennan Companies, Inc",2.2844
MLM,0,33757413376,32.12622,26.869482,0.886,17.43,Building Materials,Basic Materials,9400,United States,2168999936,5807000064,6638000128,1960999936,291875008,"Martin Marietta Materials, Inc.",
MAS,0,14031860736,18.174862,15.049772,1.193,3.66,Building Products & Equipment,Industrials,18000,United States,1487000064,3305999872,7703000064,2799000064,734000000,Masco Corporation,1.8909
MA,0,515872325632,39.83801,34.681934,1.052,14.26,Credit Services,Financial Services,35300,United States,17977999360,18801999872,29069000704,29069000704,14451000320,Mastercard Incorporated,2.2523
MTCH,0,8045832192,16.242575,13.229839,1.364,2.02,Internet Content & Information,Communication Services,2500,United States,974160000,3511336960,3450904064,2481780992,691691648,"Match Group, Inc.",0.422
MKC,0,20246265856,26.303137,24.195513,0.679,2.87,Packaged Foods,Consumer Defensive,14100,United States,1281299968,4454900224,6742799872,2598899968,428837504,"McCormick & Company, Incorporat",3.6391
MCD,0,210241159168,25.928572,23.31721,0.556,11.34,Restaurants,Consumer Cyclical,150000,United States,13895999488,52794998784,25706999808,14608000000,5306375168,McDonald's Corporation,2.6221
MCK,0,89463111680,27.81573,19.458162,0.488,25.75,Medical Distribution,Healthcare,43000,United States,5416000000,7414000128,359051001856,12821000192,4733250048,McKesson Corporation,1.1184
MDT,0,113558069248,24.551247,15.150427,0.815,3.61,Medical Devices,Healthcare,95000,Ireland,9112999936,29625999360,33536999424,21930999808,4206249984,Medtronic plc.,2.5312
MRK,0,204372738048,11.829942,8.658511,0.396,6.88,Drug Manufacturers - General,Healthcare,73000,United States,28795000832,34844000256,63921999872,49265000448,17124249600,"Merck & Company, Inc.",0.7554
META,0,1803478761472,28.073584,28.35099,1.266,25.55,Internet Content & Information,Communication Services,76834,United States,87979999232,49519001600,170359996416,139297996800,36658999296,"Meta Platforms, Inc.",2.3485
MET,0,54247587840,13.204248,8.339525,0.839,6.12,Insurance - Life,Financial Services,45000,United States,7554999808,47948001280,73494003712,18961000448,1656249984,"MetLife, Inc.",1.1086
MTD,0,25050548224,30.111166,28.294601,1.387,40.03,Diagnostics & Research,Healthcare,16000,United States,1183522944,2074094976,3830156032,2303329024,743663872,"Mettler-Toledo International, I",3.5619
MGM,0,10285871104,16.872766,16.432608,1.767,2.24,Resorts & Casinos,Consumer Cyclical,60000,United States,2446169088,31872178176,17134156800,7781541888,556492032,MGM Resorts International,2.0506
MCHP,0,39440855040,,28.12308,1.463,-0.01,Semiconductors,Technology,19400,United States,1125600000,5781199872,4401600000,2467899904,1055487488,Microchip Technology Incorporat,
MU,0,137580249088,22.15045,9.552059,1.281,5.55,Semiconductors,Technology,48000,United States,15694999552,16213000192,33813000192,12556000256,1219874944,"Micron Technology, Inc.",0.1442
MSFT,0,3713445658624,38.670277,33.4194,1.026,12.92,Software - Infrastructure,Technology,228000,United States,149172994048,105018998784,270010007552,186509000704,54817001472,Microsoft Corporation,2.3033
MAA,0,18082562048,31.362497,36.274696,0.778,4.8,REIT - Residential,Real Estate,2532,United States,1246050048,5067837952,2196687872,1300422016,990585280,Mid-America Apartment Communiti,
MRNA,0,11799498752,,-3.5068967,1.859,-8.73,Biotechnology,Healthcare,5800,United States,-3536999936,745000000,3176999936,-2616999936,-3197499904,"Moderna, Inc.",
MHK,0,6950245888,14.530719,9.969507,1.189,7.65,"Furnishings, Fixtures & Appliances",Consumer Cyclical,41900,United States,1408199936,2788199936,10683299840,2720900096,669262528,"Mohawk Industries, Inc.",
MOH,0,13120194560,11.694202,9.415403,0.57,20.7,Healthcare Plans,Healthcare,18000,United States,1836999936,3766000128,40289001472,4796000256,585374976,Molina Healthcare Inc,
TAP,0,10009852928,9.955735,8.344013,0.728,4.97,Beverages - Brewers,Consumer Defensive,16800,United States,2403200000,6600099840,11334700032,4420800000,671500032,Molson Coors Beverage Company,6.578
MDLZ,0,89284313088,25.63383,20.103498,0.499,2.69,Confectioners,Consumer Defensive,90000,United States,5633999872,20155000832,36464001024,11937000448,3596750080,"Mondelez International, Inc.",5.6732
MPWR,0,36663152640,20.44127,44.57101,1.192,37.46,Semiconductors,Technology,4017,United States,652257984,17751000,2386768896,1321659008,443831744,"Monolithic Power Systems, Inc.",
MNST,0,61313716224,41.361843,33.62032,0.605,1.52,Beverages - Non-Alcoholic,Consumer Defensive,5527,United States,2172233984,260636992,7448168960,4069711104,1444561536,Monster Beverage Corporation,2.0744
MCO,0,90507010048,43.436096,37.762012,1.384,11.58,Financial Data & Stock Exchanges,Financial Services,15795,United States,3320000000,7267999744,7225999872,5256999936,2182374912,Moody's Corporation,2.7525
MS,0,231198556160,16.894491,18.172762,1.291,8.53,Capital Markets,Financial Services,81000,United States,,449335984128,63958999040,55355998208,,Morgan Stanley,168.0706
MOS,0,11850164224,32.202587,15.184958,1.148,1.16,Agricultural Inputs,Basic Materials,13765,United States,1930700032,4823399936,11064299520,1601100032,502837504,Mosaic Company (The),1.3126
MSI,0,71086186496,35.5196,28.991152,0.967,11.99,Communication Equipment,Technology,21000,United States,3220999936,6525000192,10956000256,5633999872,1923000064,"Motorola Solutions, Inc.",1.7292
MSCI,0,45539319808,40.56375,34.54108,1.326,14.51,Financial Data & Stock Exchanges,Financial Services,6184,United States,1691549952,4691348992,2921989120,2399331072,1127484800,MSCI Inc.,2.8832
NDAQ,0,51820253184,40.84163,28.745222,1.013,2.21,Financial Data & Stock Exchanges,Financial Services,9377,United States,2736000000,9774000128,7816000000,4768999936,1834000000,"Nasdaq, Inc.",1.7964
NTAP,0,21619490816,19.029982,14.234829,1.414,5.67,Computer Hardware,Technology,11700,United States,1640000000,3491000064,6572000256,4613000192,1158625024,"NetApp, Inc.",1.5528
NFLX,0,551099564032,61.083252,54.45605,1.589,21.2,Entertainment,Communication Services,14000,United States,11453826048,17423486976,40173326336,18848788480,21784893440,"Netflix, Inc.",2.4298
NEM,0,66759520256,13.663236,15.660993,0.322,4.39,Gold,Basic Materials,22200,United States,9857000448,7985999872,19669000192,10382999552,7086374912,Newmont Corporation,16.3529
NWSA,0,17695356928,36.22561,28.023586,1.247,0.82,Entertainment,Communication Services,23900,United States,1383000064,2923000064,10268000256,5334000128,-670875008,News Corporation,3.0841
NWS,0,17566904320,41.743904,35.017902,1.247,0.82,Entertainment,Communication Services,23900,United States,1383000064,2923000064,10268000256,5334000128,-670875008,News Corporation,3.5799
NEE,0,153947242496,28.008015,20.321033,0.674,2.67,Utilities - Regulated Electric,Utilities,16800,United States,13576999936,89677996032,25269000192,15374000128,-11337249792,"NextEra Energy, Inc.",2.7634
NKE,0,112581140480,35.3125,23.614552,1.217,2.16,Footwear & Accessories,Consumer Cyclical,,United States,4516666368,11018000384,46308999168,19790000128,,"Nike, Inc.",2.861
NI,0,18677495808,21.448648,21.333334,0.549,1.85,Utilities - Regulated Gas,Utilities,7687,United States,2582500096,14925400064,5932000256,3027399936,-601249984,NiSource Inc,2.4095
NDSN,0,12633695232,28.773489,21.476465,0.896,7.77,Specialty Industrial Machinery,Industrials,7800,United States,806468992,2323457024,2704443904,1481624960,304186752,Nordson Corporation,2.03
NSC,0,59124944896,17.901707,19.312225,1.31,14.65,Railroads,Industrials,19600,United States,5993999872,17749000192,12112000000,5993999872,1379874944,Norfolk Southern Corporation,2.4594
NTRS,0,25813381120,12.389356,17.367802,1.235,10.71,Asset Management,Financial Services,23400,United States,,17899100160,8577099776,8577099776,,Northern Trust Corporation,82.5375
NOC,0,72531075072,19.887135,17.959373,0.144,25.34,Aerospace & Defense,Industrials,97000,United States,6341000192,18126000128,40368001024,7808999936,2911749888,Northrop Grumman Corporation,3.2315
NCLH,0,9831854080,12.50267,10.528564,2.126,1.76,Travel Services,Consumer Cyclical,41700,United States,2427109888,14803527680,9415989248,3810778112,-750045888,Norwegian Cruise Line Holdings ,0.545
NRG,0,30917951488,25.181528,22.91884,1.137,6.28,Utilities - Independent Power Producers,Utilities,15637,United States,3657999872,10988999680,29286000640,6287000064,2221499904,"NRG Energy, Inc.",1.3447
NUE,0,31897866240,24.38007,14.768697,1.689,5.67,Steel,Basic Materials,32700,United States,3532999936,7880000000,30427000832,3201999872,193982000,Nucor Corporation,
NVDA,0,3892134281216,51.482197,38.736603,2.122,3.1,Semiconductors,Technology,36000,United States,88247001088,10284999680,148514996224,104120000512,55443001344,NVIDIA Corporation,1.9497
NVR,0,22266589184,15.7099495,14.700425,0.995,484.76,Residential Construction,Consumer Cyclical,7000,United States,2094114048,1067212992,10742590464,2685158912,1303018240,"NVR, Inc.",
NXPI,0,58266349568,25.124182,17.646519,1.39,9.18,Semiconductors,Technology,33100,Netherlands,4268000000,11724999680,12323000320,6925000192,1445624960,NXP Semiconductors N.V.,1.531
ORLY,0,77811990528,33.465073,2.0254786,0.6,2.72,Auto Parts,Consumer Cyclical,93419,United States,3715109888,8103818752,16869163008,8641802240,1610164736,"O'Reilly Automotive, Inc.",2.132
OXY,0,43209146368,17.775627,13.89424,0.853,2.47,Oil & Gas E&P,Energy,13323,United States,13674999808,25987000320,27552999424,17660000256,4067624960,Occidental Petroleum Corporatio,1.3072
ODFL,0,36102762496,32.052532,28.95593,1.272,5.33,Trucking,Industrials,21817,United States,1844806016,59990000,5729594880,2277443072,607407232,"Old Dominion Freight Line, Inc.",3.2022
OMC,0,14642507776,10.21448,8.6539345,0.955,7.32,Advertising Agencies,Communication Services,74900,United States,2527500032,6928000000,15749000192,2937600000,1268012544,Omnicom Group Inc.,1.3981
ON,0,23483047936,39.024303,13.008101,1.381,1.44,Semiconductors,Technology,26400,United States,2004300032,3652800000,6665299968,2656300032,1121924992,ON Semiconductor Corporation,2.4142
OKE,0,51519647744,16.109377,13.815746,0.931,5.12,Oil & Gas Midstream,Energy,5177,United States,6517000192,32039999488,24960000000,8890999808,1758000000,"ONEOK, Inc.",1.4267
ORCL,0,658811060224,53.91954,32.75838,1.324,4.35,Software - Infrastructure,Technology,162000,United States,23485999104,108952002560,57399001088,40471998464,678000000,Oracle Corporation,2.3994
OTIS,0,39345348608,26.096859,23.792362,0.974,3.82,Specialty Industrial Machinery,Industrials,72000,United States,2520999936,8725000192,14174000128,4276999936,1348499968,Otis Worldwide Corporation,2.6806
PCAR,0,51456479232,14.874051,12.631442,0.954,6.59,Farm & Heavy Construction Machinery,Industrials,30100,United States,4819500032,15707899904,32361199616,5399000064,-49712500,PACCAR Inc.,2.417
PKG,0,18213300224,21.195288,18.008451,0.862,9.55,Packaging & Containers,Consumer Cyclical,15400,United States,1766099968,2802500096,8544799744,1872400000,388112512,Packaging Corporation of Americ,1.8967
PLTR,0,317431709696,611.40955,286.1917,2.638,0.22,Software - Infrastructure,Technology,4001,United States,435340992,244596000,3115023872,2492320000,931205248,Palantir Technologies Inc.,4.185
PANW,0,134807691264,116.86191,28.079319,0.973,1.73,Software - Infrastructure,Technology,15866,United States,1250200064,806000000,8874699776,6528399872,3175474944,"Palo Alto Networks, Inc.",2.4464
PARA,0,9069044736,,7.8742332,1.207,-8.26,Entertainment,Communication Services,18600,United States,2617999872,15527000064,28720001024,9358000128,15055750144,Paramount Global,
PH,0,91651964928,27.61937,24.36396,1.339,25.97,Specialty Industrial Machinery,Industrials,61120,United States,5036259840,9372912640,19793741824,7254986752,2980823296,Parker-Hannifin Corporation,3.1806
PAYX,0,53006118912,32.103714,27.794897,0.911,4.58,Software - Application,Technology,,United States,2538800128,5022300160,5571700224,4031300096,1497562496,"Paychex, Inc.",2.5871
PAYC,0,13047035904,33.130867,26.709862,0.818,7.03,Software - Application,Technology,7306,United States,486300000,81500000,1913799936,1643800064,296926496,"Paycom Software, Inc.",2.3335
PYPL,0,75004665856,17.331013,15.771575,1.449,4.45,Credit Services,Financial Services,24400,United States,6371999744,13376000000,31889000448,13201000448,1741874944,"PayPal Holdings, Inc.",1.0207
PNR,0,17562435584,27.58269,22.00928,1.101,3.87,Specialty Industrial Machinery,Industrials,9750,United Kingdom,1037200000,1953799936,4076000000,1616400000,658825024,Pentair plc.,1.8572
PEP,0,185537282048,19.900295,15.680418,0.466,6.8,Beverages - Non-Alcoholic,Consumer Defensive,319000,United States,17302999040,48518000640,91522998272,50404999168,7581499904,"Pepsico, Inc.",3.0772
PFE,0,144635805696,18.434784,8.682594,0.491,1.38,Drug Manufacturers - General,Healthcare,81000,United States,23320999936,62397001728,62464000000,46487998464,15049249792,"Pfizer, Inc.",0.6423
PCG,0,30338975744,12.665137,9.3277025,0.612,1.09,Utilities - Regulated Electric,Utilities,28410,United States,9368999936,59968000000,24540999680,9224999936,-5102249984,Pacific Gas & Electric Co.,0.8181
PM,0,277022572544,28.027655,24.718834,0.544,6.35,Tobacco,Consumer Defensive,83100,United States,16241000448,49633001472,38385999872,25212000256,8564250112,Philip Morris International Inc,1.2922
PSX,0,52050075648,28.772522,13.461538,0.998,4.44,Oil & Gas Refining & Marketing,Energy,13200,United States,3279000064,18802999296,137772007424,12536000512,1671624960,Phillips 66,0.8899
PNW,0,10780535808,17.879208,19.292736,0.431,5.05,Utilities - Regulated Electric,Utilities,6400,United States,2023175040,12132355072,5205483008,2153022976,-359840736,Pinnacle West Capital Corporati,10.1798
PNC,0,77673537536,13.877032,13.081945,1.069,14.15,Banks - Regional,Financial Services,53686,United States,,63096999936,21009000448,21009000448,,"PNC Financial Services Group, I",2.0066
POOL,0,11342096384,28.248127,25.078138,1.123,10.68,Industrial Distribution,Industrials,6000,United States,631843968,1347078016,5261668864,1549155968,402759872,Pool Corporation,
PPG,0,26837524480,20.964539,13.360451,1.156,5.64,Specialty Chemicals,Basic Materials,46000,United States,2651000064,7872999936,15680000000,6537999872,1066750016,"PPG Industries, Inc.",0.8611
PPL,0,25027782656,25.264925,18.5,0.668,1.34,Utilities - Regulated Electric,Utilities,6653,United States,3295000064,17344000000,8661999616,3662000128,-481124992,PPL Corporation,1.2851
PFG,0,18217760768,17.400429,9.627963,0.996,4.67,Asset Management,Financial Services,19700,United States,1622974976,4590400000,15770300416,6782400000,1386312448,Principal Financial Group Inc,
PG,0,377330270208,25.546032,21.690027,0.427,6.3,Household & Personal Products,Consumer Defensive,108000,United States,24187000832,34140999680,83926999040,43384999936,12618874880,Procter & Gamble Company (The),3.9031
PGR,0,152758239232,17.582994,18.882608,0.4,14.82,Insurance - Property & Casualty,Financial Services,66308,United States,11571999744,6894000128,78507999232,11758999552,13350724608,Progressive Corporation (The),6.5369
PLD,0,100475830272,27.002491,30.761364,1.268,4.01,REIT - Industrial,Real Estate,2703,United States,6193812992,32895868928,8733704192,6660436992,4307161088,"Prologis, Inc.",
PRU,0,38777929728,17.304897,7.4567738,1.047,6.33,Insurance - Life,Financial Services,37936,United States,2821750016,47712002048,60366000128,15569999872,-16394500096,"Prudential Financial, Inc.",0.7149
PEG,0,40578519040,22.218578,19.980343,0.497,3.66,Utilities - Regulated Electric,Utilities,13047,United States,3940999936,23548000256,10752000000,3678000128,-973625024,Public Service Enterprise Group,2.5005
PTC,0,21172021248,48.491756,25.215714,1.183,3.64,Software - Application,Technology,7000,United States,739947008,1567497984,2346680064,1903879936,804437248,PTC Inc.,1.5193
PSA,0,52271423488,29.588879,28.030102,0.879,10.07,REIT - Industrial,Real Estate,5900,United States,3343835904,9424558080,4738937856,3454361088,2434415872,Public Storage,11.5753
PHM,0,21966798848,7.740113,8.118519,1.297,14.16,Residential Construction,Consumer Cyclical,6793,United States,3852910080,2188933120,17890439168,5117159936,761504256,"PulteGroup, Inc.",0.3276
PWR,0,57114419200,62.159683,37.932087,1.072,6.2,Engineering & Construction,Industrials,58400,United States,2173506048,4747752960,24874309632,3721304064,1378591872,"Quanta Services, Inc.",2.3181
QCOM,0,179566919680,16.687754,13.372036,1.256,9.8,Semiconductors,Technology,49000,United States,13351000064,14622999552,42285998080,23545999360,8322874880,QUALCOMM Incorporated,2.3312
DGX,0,19687389184,22.295197,18.069159,0.491,7.91,Diagnostics & Research,Healthcare,55000,United States,1975000064,6576000000,10158000128,3356000000,817625024,Quest Diagnostics Incorporated,1.5663
RL,0,16922278912,24.062878,21.456987,1.531,11.61,Apparel Manufacturing,Consumer Cyclical,15000,United States,1143000064,2668100096,7079000064,4852899840,816062528,Ralph Lauren Corporation,2.3117
RJF,0,32252555264,15.40077,14.350089,1.043,10.38,Asset Management,Financial Services,19000,United States,,4461000192,13566999552,12654000128,,"Raymond James Financial, Inc.",1.7879
RTX,0,195242409984,42.857773,23.918985,0.617,3.41,Aerospace & Defense,Industrials,185000,United States,13381999616,42945998848,81738997760,15964999680,5729124864,RTX Corporation,1.5561
O,0,52103200768,52.449997,36.286163,0.766,1.1,REIT - Retail,Real Estate,468,United States,4864595968,27452194816,5404987904,5009993216,2469820160,Realty Income Corporation,
REG,0,12935188480,33.56872,33.728573,1.023,2.11,REIT - Retail,Real Estate,495,United States,956665984,4886515200,1522884992,1082594944,638198656,Regency Centers Corporation,2.8021
REGN,0,59377508352,13.983472,12.137938,0.307,39.33,Biotechnology,Healthcare,15158,United States,4471000064,2704800000,14085699584,6873699840,2082887552,"Regeneron Pharmaceuticals, Inc.",1.1722
RF,0,22306947072,11.987924,10.980089,0.978,2.07,Banks - Regional,Financial Services,19644,United States,,,6661000192,6661000192,,Regions Financial Corporation,3.1739
RSG,0,75072716800,36.23454,35.2768,0.644,6.63,Waste Management,Industrials,42000,United States,5038000128,13530000384,16179000320,6978999808,1919374976,"Republic Services, Inc.",3.7538
RMD,0,37674344448,28.869665,24.969873,0.769,8.9,Medical Instruments & Supplies,Healthcare,,United States,1764669952,839772032,5021529088,2981164032,1202870656,ResMed Inc.,1.522
RVTY,0,11884832768,41.665287,19.540699,0.972,2.42,Diagnostics & Research,Healthcare,11000,United States,835348992,3325364992,2769868032,1557958016,742646848,"Revvity, Inc.",0.754
ROK,0,39118086144,43.654087,30.442982,1.373,7.95,Specialty Industrial Machinery,Industrials,27000,United States,1578700032,4092999936,7968200192,3128900096,1083287552,"Rockwell Automation, Inc.",3.6147
ROL,0,27234682880,56.762627,50.174107,0.768,0.99,Personal Services,Consumer Cyclical,20000,United States,782566976,911033024,3462863104,1825090048,492010496,"Rollins, Inc.",4.8636
ROP,0,61564162048,41.284065,28.601896,1.036,13.87,Software - Application,Technology,18200,United States,2872999936,7456399872,7241299968,4991000064,2161250048,"Roper Technologies, Inc.",3.1472
ROST,0,43081793536,20.808847,19.689089,1.157,6.33,Apparel Retail,Consumer Cyclical,107000,United States,3054482944,5015669248,21256122368,6968581120,1145347072,"Ross Stores, Inc.",2.5907
RCL,0,89913516032,26.940603,23.17005,2.15,12.29,Travel Services,Consumer Cyclical,105950,United States,5942000128,20118999040,16755999744,8305999872,1198875008,Royal Caribbean Cruises Ltd.,1.2147
SPGI,0,161947025408,41.51415,31.413445,1.195,12.72,Financial Data & Stock Exchanges,Financial Services,42350,United States,7144000000,12024999936,14494000128,10060999680,5187999744,S&P Global Inc.,2.286
CRM,0,262063505408,42.9663,24.62938,1.377,6.38,Software - Application,Technology,76453,United States,11205999616,12019999744,38591000576,29845000192,14429875200,"Salesforce, Inc.",1.4382
SBAC,0,25201760256,31.025793,25.578516,0.78,7.56,REIT - Specialty,Real Estate,1720,United States,1788802944,14641131520,2686020096,2062710016,455928512,SBA Communications Corporation,1.7394
SLB,0,48145514496,12.080678,9.710627,1.026,2.95,Oil & Gas Equipment & Services,Energy,110000,United States,8221000192,14138000384,36072001536,7394999808,3030749952,Schlumberger N.V.,3.5643
STX,0,32051132416,21.762247,15.570104,1.428,6.94,Computer Hardware,Technology,30000,Singapore,1891000064,5145999872,8540000256,2886000128,190875008,Seagate Technology Holdings PLC,0.4072
SRE,0,48889921536,16.475822,14.58463,0.656,4.55,Utilities - Diversified,Utilities,16773,United States,5400000000,38085001216,13347000320,5505999872,-5204125184,DBA Sempra,1.9794
NOW,0,217070436352,142.18182,62.747303,0.956,7.37,Software - Application,Technology,26293,United States,2110000000,2399000064,11468999680,9050999808,3713125120,"ServiceNow, Inc.",2.25
SHW,0,88891932672,33.52694,27.755478,1.212,10.58,Specialty Chemicals,Basic Materials,63890,United States,4433699840,13628000256,23036899328,11223199744,1882837504,Sherwin-Williams Company (The),3.557
SPG,0,62978445312,26.54849,24.629793,1.486,6.29,REIT - Retail,Real Estate,2600,United States,4446823936,25273774080,5994220032,4937442816,1983254400,"Simon Property Group, Inc.",
SWKS,0,11689042944,30.414062,12.165625,1.155,2.56,Semiconductors,Technology,10100,United States,895699968,1209600000,3952199936,1627500032,1029425024,"Skyworks Solutions, Inc.",2.2335
SJM,0,11126074368,,9.904084,0.333,-11.57,Packaged Foods,Consumer Defensive,8000,United States,2156199936,7811700224,8726099968,3393799936,600324992,The J.M. Smucker Company,2.3286
SW,0,24923508736,58.22561,13.225761,1.017,0.82,Packaging & Containers,Consumer Cyclical,100000,Ireland,3575000064,14218999808,25834999808,5062000128,-1627874944,Smurfit WestRock plc,0.3515
SNA,0,16854435840,16.866562,16.01988,0.766,19.11,Tools & Accessories,Industrials,13000,United States,1450099968,1301600000,5069700096,2638799872,811625024,Snap-On Incorporated,2.4237
SOLV,0,13560758272,36.119812,14.173597,,2.17,Medical Instruments & Supplies,Healthcare,22000,United States,1416000000,7912999936,8307999744,4563999744,1045374976,Solventum Corporation,
SO,0,100810399744,21.97362,21.210648,0.367,4.17,Utilities - Regulated Electric,Utilities,28314,United States,13374999552,70119997440,27853000704,13838999552,407249984,Southern Company (The),3.8903
LUV,0,19443826688,38.33708,21.459118,1.227,0.89,Airlines,Industrials,71506,United States,1891000064,7994999808,27581999104,6115999744,-837249984,Southwest Airlines Company,0.5759
SWK,0,11020207104,30.182207,12.974501,1.172,2.36,Tools & Accessories,Industrials,48000,United States,1566099968,7214499840,15240800256,4571899904,738774976,"Stanley Black & Decker, Inc.",
SBUX,0,107117068288,34.276363,25.33871,0.99,2.75,Restaurants,Consumer Cyclical,361000,United States,6058200064,26031900672,36347301888,9097900032,1848912512,Starbucks Corporation,2.4903
STT,0,31469834240,12.426802,11.8147745,1.463,8.88,Asset Management,Financial Services,52711,United States,,64741998592,13086000128,13086000128,,State Street Corporation,1.1938
STLD,0,19932919808,17.64389,13.373507,1.394,7.61,Steel,Basic Materials,13000,United States,1964616960,4196079104,17215582208,2308332032,-482931744,"Steel Dynamics, Inc.",
STE,0,23395074048,38.545364,23.854052,0.943,6.17,Medical Devices,Healthcare,17787,United States,1464445952,2202540032,5459514880,2418995968,1609312256,STERIS plc (Ireland),1.9312
SYK,0,150804217856,53.25304,29.16519,0.927,7.41,Medical Devices,Healthcare,53000,United States,6176999936,17355999232,23217999872,15022000128,3028375040,Stryker Corporation,2.2863
SMCI,0,29208270848,26.597824,11.542453,1.397,1.84,Computer Hardware,Technology,5684,United States,1364608000,2647895040,21569720320,2431848960,-272670496,"Super Micro Computer, Inc.",
SYF,0,26771607552,9.634247,10.870171,1.428,7.3,Credit Services,Financial Services,20000,United States,,17009000448,8705000448,8705000448,,Synchrony Financial,
SNPS,0,84848238592,63.36501,36.774715,1.11,8.63,Software - Infrastructure,Technology,20000,United States,1471897984,10742250496,6221316096,5064891904,1938772352,"Synopsys, Inc.",18.4929
SYY,0,37354987520,19.912144,15.6626005,0.817,3.87,Food Distribution,Consumer Defensive,76000,United States,4435999744,14609000448,80787996672,14821000192,2215365888,Sysco Corporation,1.4651
TMUS,0,271531507712,23.376345,22.41237,0.628,10.23,Telecom Services,Communication Services,70000,United States,31601999872,121691996160,82691997696,52799000576,9022624768,"T-Mobile US, Inc.",1.1021
TROW,0,22062444544,11.366629,10.71016,1.513,8.81,Asset Management,Financial Services,8084,United States,2832999936,516600000,7107299840,3721799936,935237504,"T. Rowe Price Group, Inc.",3.1226
TTWO,0,43849904128,,30.58227,1.029,-25.58,Electronic Gaming & Multimedia,Communication Services,12928,United States,448900000,4105900032,5633600000,3276699904,1150724992,"Take-Two Interactive Software, ",4.3346
TPR,0,18754408448,23.763159,18.970589,1.478,3.8,Luxury Goods,Consumer Cyclical,12500,United States,1542200064,4107699968,6878600192,5165000192,575350016,"Tapestry, Inc.",1.183
TRGP,0,37863309312,32.20295,21.130749,1.071,5.42,Oil & Gas Midstream,Energy,3370,United States,4060000000,16208700416,16380600320,5637799936,-188950000,"Targa Resources, Inc.",1.4311
TGT,0,47476703232,11.482417,9.941959,1.212,9.1,Discount Stores,Consumer Defensive,440000,United States,8961000448,19463000064,105881001984,29721999360,2960250112,Target Corporation,2.5132
TEL,0,51714834432,37.91087,19.39822,1.222,4.6,Electronic Components,Technology,85000,Ireland,3848000000,5678000128,16026000384,5587999744,1521624960,TE Connectivity plc,3.0411
TDY,0,24193925120,29.537186,24.059181,1.051,17.48,Scientific & Technical Instruments,Technology,14900,United States,1393299968,2964800000,5769800192,2474400000,876275008,Teledyne Technologies Incorpora,
TER,0,14803557376,26.141644,21.71294,1.673,3.53,Semiconductor Equipment & Materials,Technology,6500,United States,723016000,68763000,2905741056,1724980992,499388512,"Teradyne, Inc.",1.5768
TSLA,0,1019246084096,181.86305,97.6672,2.461,1.74,Auto Manufacturers,Consumer Cyclical,125665,United States,12549999616,13127999488,95724003328,16906999808,3360000000,"Tesla, Inc.",5.8636
TXN,0,195313762304,40.718086,36.56318,0.99,5.28,Semiconductors,Technology,34000,United States,7097999872,12848000000,16049000448,9312000000,-257000000,Texas Instruments Incorporated,2.2896
TPL,0,24644454400,53.765793,14.662062,1.13,19.94,Oil & Gas E&P,Energy,111,United States,591700992,0,727664000,680625984,-52545248,Texas Pacific Land Corporation,
TXT,0,14851139584,18.527027,12.277613,1.163,4.44,Aerospace & Defense,Industrials,34000,United States,1523000064,4100999936,13873000448,2484999936,584625024,Textron Inc.,0.9592
TMO,0,161118224384,25.003515,18.169859,0.78,17.07,Diagnostics & Research,Healthcare,125000,United States,10826000384,34258999296,42898001920,17774999552,5770375168,Thermo Fisher Scientific Inc,1.6448
TJX,0,140556959744,29.644705,27.38913,0.903,4.25,Apparel Retail,Consumer Cyclical,364000,United States,7414000128,13061999616,56991997952,17372999680,2886874880,"TJX Companies, Inc. (The)",2.8399
TKO,0,14471351296,89.860405,54.637344,,1.97,Entertainment,Communication Services,,United States,730153024,3069408000,2850693120,1988846976,399396736,"TKO Group Holdings, Inc.",
TSCO,0,29028614144,27.238806,4.9191375,0.734,2.01,Specialty Retail,Consumer Cyclical,52000,United States,1916492032,5761726976,14955348992,5431124992,498994112,Tractor Supply Company,2.5957
TT,0,97141071872,35.820312,34.432808,1.172,12.16,Building Products & Equipment,Industrials,45000,Ireland,3934000128,4771299840,20311199744,7298100224,2439650048,Trane Technologies plc,3.3253
TDG,0,85374558208,51.299698,34.95883,1.047,29.63,Aerospace & Defense,Industrials,16600,United States,4256999936,25103998976,8387999744,5013000192,2083124992,Transdigm Group Incorporated,4.1525
TRV,0,59587645440,14.31682,12.376471,0.537,18.37,Insurance - Property & Casualty,Financial Services,34000,United States,6377999872,8032999936,47004999680,11543000064,15715749888,"The Travelers Companies, Inc.",3.2641
TRMB,0,18781569024,12.841762,26.416107,1.677,6.13,Scientific & Technical Instruments,Technology,12100,United States,683200000,1391000064,3570599936,2447800064,1418562560,Trimble Inc.,2.6988
TFC,0,59695378432,,11.540506,0.815,-0.19,Banks - Regional,Financial Services,37529,United States,,58786000896,11530999808,11530999808,,Truist Financial Corporation,
TYL,0,25494181888,88.90075,54.58818,0.852,6.65,Software - Application,Technology,7462,United States,430240000,640102016,2190608896,979176000,513009984,"Tyler Technologies, Inc.",3.1125
TSN,0,20458518528,22.346304,16.408571,0.585,2.57,Farm Products,Consumer Defensive,138000,United States,3489999872,9068000256,53615001600,4220000000,1389500032,"Tyson Foods, Inc.",0.4405
USB,0,74551730176,11.844059,11.050808,1.017,4.04,Banks - Regional,Financial Services,70000,United States,,80944996352,25355999232,25355999232,,U.S. Bancorp,1.7731
UBER,0,194478817280,16.287216,39.40678,1.387,5.71,Software - Application,Technology,31500,United States,4576000000,11123999744,45380001792,15244999680,5420375040,"Uber Technologies, Inc.",14.9432
UDR,0,15434215424,113.72221,87.10638,0.833,0.36,REIT - Residential,Real Estate,1419,United States,1002488000,5992567808,1705219968,1133725056,617970624,"UDR, Inc.",
ULTA,0,21451636736,18.680235,20.86926,1.096,25.55,Specialty Retail,Consumer Cyclical,20000,United States,1839831040,1975202944,11418173440,4877027840,875767616,"Ulta Beauty, Inc.",2.6816
UNP,0,142020034560,21.414413,19.628407,1.052,11.1,Railroads,Industrials,30146,United States,12179000320,33904001024,24245999616,13509000192,4643250176,Union Pacific Corporation,2.9871
UAL,0,26964176896,7.512284,6.828784,1.442,10.99,Airlines,Industrials,109200,United States,8504000000,32924999680,57736998912,20137000960,2363875072,"United Airlines Holdings, Inc.",5.7085
UPS,0,88549670912,15.265694,11.869466,1.189,6.85,Integrated Freight & Logistics,Industrials,490000,United States,11612999680,25593999360,90909999104,19434999808,4268624896,"United Parcel Service, Inc.",1.5478
URI,0,51388858368,20.524662,16.871744,1.705,38.52,Rental & Leasing Services,Industrials,27900,United States,4524000256,13992999936,15578999808,6216999936,2394249984,"United Rentals, Inc.",1.6214
UNH,0,283122925568,13.058787,10.438294,0.453,23.9,Healthcare Plans,Healthcare,400000,United States,36238000128,81270996992,410057015296,90168000512,20096374784,UnitedHealth Group Incorporated,0.8193
UHS,0,11764239360,10.25618,10.052863,1.318,17.8,Medical Care Facilities,Healthcare,99300,United States,2343207936,5094129152,16084073472,6869812224,849583872,"Universal Health Services, Inc.",
VLO,0,45391384576,49.462456,15.018136,0.972,2.93,Oil & Gas Refining & Marketing,Energy,9898,United States,5161999872,10853999616,122355998720,6055000064,4169374976,Valero Energy Corporation,6.5601
VTR,0,28427841536,190.84969,393.6275,0.908,0.33,REIT - Healthcare Facilities,Real Estate,498,United States,1928465024,12921492480,5055948800,2132519040,869675776,"Ventas, Inc.",1.7374
VLTO,0,25670963200,29.591429,27.618666,,3.5,Pollution & Treatment Controls,Industrials,17000,United States,1314000000,2814000128,5279000064,3163000064,773750016,Veralto Corp,4.1148
VRSN,0,26813143040,34.90831,33.011562,0.771,8.18,Software - Infrastructure,Technology,929,United States,1106499968,1791699968,1575399936,1383699968,760762496,"VeriSign, Inc.",2.4068
VRSK,0,42559705088,44.87463,41.735252,0.878,6.78,Consulting Services,Industrials,7800,United States,1404899968,3935399936,2930700032,2026599936,833550016,"Verisk Analytics, Inc.",4.0636
VZ,0,183259316224,10.34881,9.189218,0.38,4.2,Telecom Services,Communication Services,99400,United States,49336999936,172533006336,135292002304,81199996928,17040874496,Verizon Communications Inc.,2.1615
VRTX,0,118005923840,,24.482151,0.418,-3.84,Biotechnology,Healthcare,6100,United States,4584399872,1649100032,11099700224,5892899840,2634387456,Vertex Pharmaceuticals Incorpor,
VTRS,0,10880014336,,3.4719102,0.892,-3.18,Drug Manufacturers - Specialty & Generic,Healthcare,32000,United States,4216499968,14458500096,14330200064,5830700032,6115174912,Viatris Inc.,0.154
VICI,0,35336380416,13.375999,12.2490835,0.724,2.5,REIT - Diversified,Real Estate,27,United States,3498725888,17764276224,3881927936,3850885120,1063830016,VICI Properties Inc.,
V,0,699818704896,36.00386,28.296873,0.943,9.95,Credit Services,Financial Services,,United States,26225000448,20761999360,37620998144,36781998080,14747499520,Visa Inc.,2.0345
VST,0,65457139712,30.619045,27.95652,1.246,6.3,Utilities - Independent Power Producers,Utilities,6850,United States,6762999808,17713999872,18102999040,7478000128,2785625088,Vistra Corp.,5.8344
VMC,0,35318665216,37.549862,29.444386,0.836,7.12,Building Materials,Basic Materials,11971,United States,2132999936,5533300224,7506599936,2060000000,859037504,Vulcan Materials Company (Holdi,2.3396
WRB,0,27169478656,16.61717,16.464369,0.432,4.31,Insurance - Property & Casualty,Financial Services,8606,United States,2400033024,3065665024,13929377792,6039561216,3696998400,W.R. Berkley Corporation,17.5889
GWW,0,50367660032,26.932184,24.898361,1.212,38.93,Industrial Distribution,Industrials,23500,United States,2916999936,2679000064,17238999040,6800000000,1247750016,"W.W. Grainger, Inc.",2.2931
WAB,0,36889632768,33.68281,25.39105,1.128,6.4,Railroads,Industrials,29500,United States,2184999936,4312000000,10499999744,3484999936,1158499968,Westinghouse Air Brake Technolo,
WBA,0,9906345984,,7.785714,0.746,-7.29,Pharmaceutical Retailers,Healthcare,193000,United States,3028999936,29998999552,154580992000,26473000960,4522250240,"Walgreens Boots Alliance, Inc.",
WMT,0,781801816064,41.865383,36.01654,0.693,2.34,Discount Stores,Consumer Defensive,2100000,United States,42757001216,68693000192,685086015488,170461003776,9960500224,Walmart Inc.,3.7256
DIS,0,221869326336,25.238243,23.964077,1.552,4.89,Entertainment,Communication Services,177080,United States,19120001024,42888998912,94039998464,34885001216,9386999808,Walt Disney Company (The),0.9714
WBD,0,27610621952,,-85.84615,1.517,-4.4,Entertainment,Communication Services,35000,United States,7584999936,37425999872,38342000640,16600999936,19488999424,"Warner Bros. Discovery, Inc. - ",
WM,0,91169554432,34.171944,28.07435,0.668,6.63,Waste Management,Industrials,61700,United States,6732000256,23836999680,22922000384,9031999488,1166375040,"Waste Management, Inc.",2.8554
WAT,0,20914472960,31.892014,27.180975,1.117,11.02,Diagnostics & Research,Healthcare,7600,United States,1037862976,1542098048,2983252992,1768093056,588827520,Waters Corporation,2.3173
WEC,0,33327165440,20.356726,20.005749,0.439,5.13,Utilities - Regulated Electric,Utilities,7000,United States,3583500032,20545499136,9069200384,3945200128,-755025024,"WEC Energy Group, Inc.",2.5345
WFC,0,272439967744,15.057554,15.249545,1.155,5.56,Banks - Diversified,Financial Services,215367,United States,,328864006144,77254000640,77254000640,,Wells Fargo & Company,1.8699
WELL,0,99688448000,86.61364,83.75824,0.921,1.76,REIT - Healthcare Facilities,Real Estate,685,United States,3153949952,17012786176,8554464256,3351672064,2852324608,Welltower Inc.,3.2884
WST,0,15948960768,34.849297,29.519947,1.09,6.37,Medical Instruments & Supplies,Healthcare,10600,United States,756499968,307400000,2895800064,1000200000,233512496,"West Pharmaceutical Services, I",3.7161
WDC,0,23175966720,22.75,7.5402946,1.543,2.92,Computer Hardware,Technology,51000,United States,2289999872,,15605000192,4456999936,1406375040,Western Digital Corporation,
WY,0,19139954688,53.85714,30.686045,1.169,0.49,REIT - Specialty,Real Estate,9400,United States,1142000000,5189000192,7090999808,1292999936,483500000,Weyerhaeuser Company,1.7957
WSM,0,21289723904,20.033564,21.290281,1.477,8.64,Specialty Retail,Consumer Cyclical,19600,United States,1636894976,1368814976,7781305856,3552940032,835529152,"Williams-Sonoma, Inc.",2.3191
WMB,0,71990755328,31.698923,28.210527,0.679,1.86,Oil & Gas Midstream,Energy,5829,United States,5696000000,27410999296,11082999808,6642999808,803500032,"Williams Companies, Inc. (The)",2.5714
WTW,0,30399330304,,16.948591,0.706,-0.46,Insurance Brokers,Financial Services,49000,United Kingdom,2556000000,5928000000,9811999744,4392000000,688875008,Willis Towers Watson Public Lim,
WDAY,0,64904663040,134.50664,29.332169,1.236,1.81,Software - Application,Technology,20515,United States,967000000,3392999936,8696000512,6578999808,2373750016,"Workday, Inc.",1.0436
WYNN,0,11078541312,28.33155,21.107569,1.372,3.74,Resorts & Casinos,Consumer Cyclical,28000,United States,1680557952,12184398848,6965449216,4773491200,494949632,"Wynn Resorts, Limited",4.0166
XEL,0,39404314624,20.094116,17.83812,0.385,3.4,Utilities - Regulated Electric,Utilities,11380,United States,5358000128,32391000064,13697999872,6048000000,-3678500096,Xcel Energy Inc.,2.6615
XYL,0,32258609152,35.730457,27.907368,1.123,3.71,Specialty Industrial Machinery,Industrials,23000,United States,1727000064,2136000000,8597999616,3228000000,985500032,Xylem Inc.,2.5479
YUM,0,41694748672,29.880478,24.671053,0.736,5.02,Restaurants,Consumer Cyclical,40000,United States,2747000064,12225999872,7737999872,3620999936,1278625024,"Yum! Brands, Inc.",2.0651
ZBRA,0,16520019968,30.733208,20.252493,1.754,10.57,Communication Equipment,Technology,9900,United States,963000000,2360999936,5113999872,2495000064,888625024,Zebra Technologies Corporation,1.4114
ZBH,0,18595733504,20.886665,10.929069,0.72,4.5,Medical Devices,Healthcare,17000,United States,2554400000,7325400064,7698500096,5481299968,1321200000,"Zimmer Biomet Holdings, Inc.",1.2188
ZTS,0,70868205568,28.578094,25.107254,0.944,5.57,Drug Manufacturers - Specialty & Generic,Healthcare,13800,United States,3867000064,6778999808,9285999616,6589000192,2299624960,Zoetis Inc.,2.7081
YPF,0,12832165888,7.536131,6.878724,0.766,4.29,Oil & Gas Integrated,Energy,,Argentina,4219265089536,11001791512576,19163655438336,5234875170816,-1461666447360,YPF Sociedad Anonima,
GGAL,0,8289139712,6.5374675,7.1067414,1.023,7.74,Banks - Regional,Financial Services,5578,Argentina,,4654509850624,5662748180480,5519574564864,,Grupo Financiero Galicia S.A.,
BMA,0,4479897600,,6.923913,0.932,-0.81,Banks - Regional,Financial Services,8903,Argentina,,523127226368,2856117338112,2803753287680,,Banco Macro S.A.,
BBAR,0,3385021440,10.49359,12.125926,0.517,1.56,Banks - Regional,Financial Services,6399,Argentina,,1565690691584,2784762527744,2737369513984,,Banco BBVA Argentina S.A.,
CEPU,0,1798779776,44.333332,12.6,0.116,0.27,Utilities - Regulated Electric,Utilities,,Argentina,301427949568,410474610688,748170051584,296248442880,139496062976,Central Puerto S.A.,
LOMA,0,1365961216,16.691177,13.045978,1.063,0.68,Building Materials,Basic Materials,,Argentina,167775043584,200380792832,683243339776,184658427904,-10691885056,Loma Negra Compania Industrial ,
SUPV,0,956185408,28.092106,9.53125,1.041,0.38,Banks - Regional,Financial Services,3442,Argentina,,355531456512,797298982912,797298982912,,Grupo Supervielle S.A.,
TSLL,0,,68.03517,,,,,,,,,,,,,Direxion Daily TSLA Bull 2X Sha,
SOXL,0,,40.813644,,,,,,,,,,,,,Direxion Daily Semiconductor Bu,
SQQQ,0,,,,,,,,,,,,,,,ProShares UltraPro Short QQQ,
SOXS,0,,,,,,,,,,,,,,,Direxion Daily Semiconductor Be,
TQQQ,0,,36.869305,,,,,,,,,,,,,ProShares UltraPro QQQ,
TSLZ,0,,,,,,,,,,,,,,,ETF Opportunities Trust T-Rex 2,
SPY,0,574201135104,27.044695,,,,,,,,,,,,,SPDR S&P 500,
SPXS,0,,,,,,,,,,,,,,,Direxion Daily S&P 500 Bear 3X,
MSTU,0,,,,,,,,,,,,,,,ETF Opportunities Trust T-Rex 2,
HYG,0,15719120896,11.050086,1339.3934,,,,,,,,,,,,iShares iBoxx $ High Yield Corp,
QQQ,0,218697269248,32.58495,,,,,,,,,,,,,"Invesco QQQ Trust, Series 1",
MSTZ,0,,,,,,,,,,,,,,,ETF Opportunities Trust T-Rex 2,
TLT,0,9564743680,,-4359.5,,,,,,,,,,,,iShares 20+ Year Treasury Bond ,
FXI,0,4691966976,10.327943,,,,,,,,,,,,,iShares China Large-Cap ETF,
AMDL,0,,,,,,,,,,,,,,,GraniteShares 2x Long AMD Daily,
XLF,0,46977187840,18.797792,,,,,,,,,,,,,SPDR Select Sector Fund - Finan,
IBIT,0,,,,,,,,,,,,,,,iShares Bitcoin Trust ETF - iSh,
LQD,0,32039927808,33.01028,,,,,,,,,,,,,iShares iBoxx $ Investment Grad,
EWZ,0,5856059904,10.790698,,,,,,,,,,,,,iShares Inc iShares MSCI Brazil,
NVDQ,0,,,,,,,,,,,,,,,ETF Opportunities Trust T-Rex 2,
NVDX,0,,50.627514,,,,,,,,,,,,,ETF Opportunities Trust T-Rex 2,
TSLQ,0,,63.287693,,,,,,,,,,,,,Tradr 2X Short TSLA Daily ETF,
NVDL,0,,,,,,,,,,,,,,,GraniteShares 2x Long NVDA Dail,
SMST,0,,,,,,,,,,,,,,,Defiance Daily Target 2x Short ,
KWEB,0,,16.936539,,,,,,,,,,,,,KraneShares Trust KraneShares C,
